Compound,Date,Negative,Neutral,Positive,Tweet Text,Tweets Ago,User
0.0,Wed Jun 27 15:09:27 +0000 2018,0.0,1.0,0.0,"üï∫ *Knight Fever* 

Bee Gee Sir Barry Gibb paid tribute to his late brothers as he collected his knighthood on Tuesd‚Ä¶ https://t.co/LLIHYKRfhR",0,@BBC
0.0,Wed Jun 27 14:42:13 +0000 2018,0.0,1.0,0.0,RT @bbccomedy: Some writing advice from an expert... #NationalWritingDay @RealMattLucas @davidwalliams https://t.co/lz2MQzpvKY,1,@BBC
0.0,Wed Jun 27 13:05:07 +0000 2018,0.0,1.0,0.0,"French butchers have written to the government asking for protection against militant vegans.
üëâ‚Ä¶ https://t.co/6pgMQ46tUR",2,@BBC
-0.5106,Wed Jun 27 11:52:00 +0000 2018,0.35,0.65,0.0,‚òïÔ∏è How a simple change is cutting coffee cup waste https://t.co/kkbcSZvFn3,3,@BBC
0.9403,Wed Jun 27 11:39:52 +0000 2018,0.0,0.536,0.464,"RT @BBCBreakfast: Dear Summer, ‚òÄÔ∏è
We're enjoying this lovely weather. Can you stay?
Lots of love - The entire UK x
#heatwave https://t.co/g‚Ä¶",4,@BBC
0.0,Wed Jun 27 11:03:04 +0000 2018,0.0,1.0,0.0,"ü¶îüßô Did you know people used to think hedgehogs were witches?

Here are nine things you might not know about the hum‚Ä¶ https://t.co/Wj7a5idS4m",5,@BBC
0.0,Wed Jun 27 09:30:20 +0000 2018,0.0,1.0,0.0,"üòê This is what happens when you hire an arts and crafts teacher to freshen up a 16th-Century wooden sculpture.
üëâ‚Ä¶ https://t.co/qVNcgsGM8C",6,@BBC
0.6114,Wed Jun 27 08:47:40 +0000 2018,0.05,0.756,0.194,RT @BBCArchive: Computer geeks - this is your lucky day! You can now watch all 146 original programmes and run 161 programs from the 1980s‚Ä¶,7,@BBC
0.0,Wed Jun 27 08:01:05 +0000 2018,0.0,1.0,0.0,üëü @MumsnetTowers founder @Justine_Roberts on why you should always wear trainers to work. https://t.co/FgTPRo5Agm,8,@BBC
0.5106,Wed Jun 27 07:29:04 +0000 2018,0.047,0.809,0.145,"üò¥ The colour cyan - between green and blue - is a hidden factor in encouraging or preventing sleep, according to bi‚Ä¶ https://t.co/HogBXzm2Y5",9,@BBC
0.4939,Wed Jun 27 07:01:05 +0000 2018,0.0,0.856,0.144,Inside the community where people with learning disabilities and the people who care for them live and work togethe‚Ä¶ https://t.co/LurfYqtc84,10,@BBC
0.0,Tue Jun 26 21:20:15 +0000 2018,0.0,1.0,0.0,"RT @BBC6Music: Did @kanyewest and @theweeknd ""blatantly"" rip off @nineinchnails' live show?

Weds, Noon BST: Nine Inch Nails' @trent_reznor‚Ä¶",11,@BBC
0.0,Tue Jun 26 19:05:08 +0000 2018,0.0,1.0,0.0,"üòéüî•üç¶ Hot temperatures in the UK are expected to last until the weekend.
üëâ https://t.co/ZhZVaKJuqf

#HeatwaveUK https://t.co/smTw2ule2v",12,@BBC
0.296,Tue Jun 26 18:03:06 +0000 2018,0.074,0.792,0.134,"Tonight, @itsanitarani and @bbcnickrobinson ask tough questions about the NHS in a special live event. 

 NHS at 70‚Ä¶ https://t.co/Wu4ECf7qic",13,@BBC
0.0,Tue Jun 26 17:02:02 +0000 2018,0.0,1.0,0.0,How would you feel if the builder only made you half a house? https://t.co/yaWB0USzex,14,@BBC
0.0,Tue Jun 26 16:33:41 +0000 2018,0.0,1.0,0.0,"RT @bbcwritersroom: Tomorrow, Wednesday 27th June is #NationalWritingDay! @writeday

As part of the events we're running a live Twitter Q&amp;A‚Ä¶",15,@BBC
0.0,Tue Jun 26 16:00:15 +0000 2018,0.0,1.0,0.0,üçÖ You can grow tomatoes in Iceland?!   https://t.co/ndmcf1SL8y,16,@BBC
0.0,Tue Jun 26 14:52:03 +0000 2018,0.0,1.0,0.0,"RT @BBCWales: #ToProvideAllPeople: A star-studded film written by @OwenSheers to mark #NHS70.

Starring @MichaelSheen, @TeamEveMyles, @Pack‚Ä¶",17,@BBC
0.836,Tue Jun 26 14:32:33 +0000 2018,0.0,0.683,0.317,"RT @BBCRadio2: To celebrate the anniversary of 1988's second Summer of Love, @djgarydavies, @ZoeTheBall, and @MsAnaMatronic are heading to‚Ä¶",18,@BBC
0.6114,Tue Jun 26 13:12:16 +0000 2018,0.0,0.818,0.182,"RT @BBCR1: Happy Birthday, @ArianaGrande! üéà‚ú®

Here's a throwback to her offering some 10/10 relationship advice to callers on @R1Breakfast‚Ä¶",19,@BBC
0.0,Tue Jun 26 12:58:04 +0000 2018,0.0,1.0,0.0,"üöÑüòΩüéÄ Japan has unveiled a pink bullet train themed around the cartoon character #HelloKitty.
üëâ‚Ä¶ https://t.co/uPA1cevSHt",20,@BBC
0.5267,Tue Jun 26 12:02:04 +0000 2018,0.0,0.673,0.327,"Activist
Poet
Director
Actor
Writer...

...and inspiration https://t.co/oOpo1fJV5K",21,@BBC
0.0,Tue Jun 26 11:02:03 +0000 2018,0.0,1.0,0.0,"üçïüíê Would you say 'I dough' to this pizza bouquet?
üëâ https://t.co/HqnBOtPZlN https://t.co/BJqFMcpWKv",22,@BBC
0.0,Tue Jun 26 09:30:00 +0000 2018,0.0,1.0,0.0,"üåç‚ôªÔ∏èüí•üëä
What will your #PlasticsAction be? https://t.co/QQ1ZBgNyZN",23,@BBC
-0.2732,Tue Jun 26 08:00:16 +0000 2018,0.139,0.861,0.0,Turns out you're biased in all sorts of ways you may not realise. https://t.co/yZ0ziOfX2L,24,@BBC
-0.7717,Tue Jun 26 07:26:08 +0000 2018,0.295,0.705,0.0,"Seabirds are starving to death on the remote Lord Howe Island, a crew filming for the @BBCOne documentary‚Ä¶ https://t.co/XHDOBZn5Yb",25,@BBC
0.5994,Tue Jun 26 07:00:12 +0000 2018,0.0,0.769,0.231,üíï Julie is the childcare champion in the heart of the Gorbals. https://t.co/LcdEhzyTBG,26,@BBC
0.5859,Mon Jun 25 18:03:04 +0000 2018,0.0,0.696,0.304,‚ú® These women are ditching their straighteners and embracing their natural hair. https://t.co/BTgEiHth2E,27,@BBC
0.0,Mon Jun 25 17:31:08 +0000 2018,0.0,1.0,0.0,Two teams of junior doctors from teaching hospitals around Britain go head to head in a medical-themed quiz show. üè•‚Ä¶ https://t.co/1z99Ax1RcK,28,@BBC
0.2732,Mon Jun 25 16:02:03 +0000 2018,0.0,0.769,0.231,"üôåüòÇ Well, that escalated quickly.
#HearHer #LiveAtTheApollo  https://t.co/4Bfa81zCSI",29,@BBC
-0.5524,Mon Jun 25 15:01:34 +0000 2018,0.229,0.771,0.0,RT @BBCTwo: SO much tension between Louis and the Queen! üò¨üëëüá´üá∑ #Versailles https://t.co/mT2tDG3Hen,30,@BBC
0.3182,Mon Jun 25 14:57:32 +0000 2018,0.0,0.839,0.161,RT @BBCTwo: brb just gonna pop inside for some fresh air... ‚òÄÔ∏èüò∞ https://t.co/rlTBirEDF2,31,@BBC
0.5423,Mon Jun 25 13:48:41 +0000 2018,0.0,0.842,0.158,"RT @bbcarts: If you‚Äôre from the North this will make you well up with pride. ‚ù§Ô∏è
@lemnsissay delivers an impassioned reading of the poem he‚Ä¶",32,@BBC
0.636,Mon Jun 25 13:03:07 +0000 2018,0.0,0.656,0.344,"üê∂üòç They're all beautiful in our eyes! 
#WorldsUgliestDog https://t.co/qrQgVqtwt4",33,@BBC
0.5719,Mon Jun 25 12:04:05 +0000 2018,0.0,0.802,0.198,üôåüí™ @ChelseaClinton says it's time we rethink gender stereotypes and work harder to celebrate women. https://t.co/xgejAk33oK,34,@BBC
0.34,Mon Jun 25 11:01:03 +0000 2018,0.104,0.741,0.156,"üìñ‚ú®üå≤ From the Forbidden Forest at Hogwarts to Pooh's Hundred Acre Wood, here are six magical forests we love from ch‚Ä¶ https://t.co/hCU6am8R3o",35,@BBC
0.0,Mon Jun 25 10:12:49 +0000 2018,0.0,1.0,0.0,"üåã Lava from Hawaii's Kilauea volcano creeps closer to more homes. 
 https://t.co/NfFXiwtVy7",36,@BBC
-0.4215,Mon Jun 25 08:03:05 +0000 2018,0.128,0.872,0.0,This headteacher is budgeting to buy hygiene products for pupils as she's found some parents are struggling to affo‚Ä¶ https://t.co/Bm4PrQ8ucC,37,@BBC
0.0,Mon Jun 25 07:26:06 +0000 2018,0.0,1.0,0.0,"ü§ñ What does it mean for AI to have a soul?
üëâ https://t.co/OkxIzH9cA2 https://t.co/XcEYkoIbst",38,@BBC
-0.6486,Mon Jun 25 07:00:13 +0000 2018,0.301,0.699,0.0,Should we bring the woolly mammoth back from the dead? https://t.co/PASQyyoCXW,39,@BBC
0.0,Sun Jun 24 19:03:02 +0000 2018,0.0,1.0,0.0,"Follow the inner workings of @nytimes, one of the most prolific American media outlets, during the first 12 months‚Ä¶ https://t.co/sTcKSPw5QW",40,@BBC
-0.5574,Sun Jun 24 18:32:03 +0000 2018,0.153,0.847,0.0,üöó üá∏üá¶ Women in Saudi Arabia are hitting the road as the country's ban on women driving officially ends. https://t.co/RLv1njCk5t,41,@BBC
0.5994,Sun Jun 24 18:10:27 +0000 2018,0.0,0.755,0.245,"RT @BBCWthrWatchers: Beautiful ""night shining"" clouds, captured by our Weather Watchers #NoctilucentClouds https://t.co/FE9F3YQ3Kd",42,@BBC
-0.5267,Sun Jun 24 18:04:04 +0000 2018,0.195,0.805,0.0,"This. Will. Hurt.

@IdrisElba returns as the inimitable DCI #Luther. Coming soon to @BBCOne. https://t.co/AOmhtLjldy",43,@BBC
0.6705,Sun Jun 24 17:08:05 +0000 2018,0.078,0.658,0.263,"43% of female festival goers under 40 say they've faced unwanted sexual behaviour at a music festival, a new survey‚Ä¶ https://t.co/Wd5gcaHCgH",44,@BBC
0.0,Sun Jun 24 16:02:06 +0000 2018,0.106,0.787,0.106,"Imagine waking up one morning and you've lost the ability to speak or move your hands.
(via @BBCThree) https://t.co/M8IJVGSoE7",45,@BBC
0.0,Sun Jun 24 15:18:03 +0000 2018,0.0,1.0,0.0,"In the aftermath of Hurricane Maria, Michelin-starred @chefjoseandres managed to feed more Puerto Ricans than any g‚Ä¶ https://t.co/HHjrHbsIb8",46,@BBC
0.5859,Sun Jun 24 14:29:47 +0000 2018,0.0,0.888,0.112,"RT @BBCMOTD: #ENG win 6-1 ‚úÖ
On a Sunday ‚úÖ
In the Sun ‚úÖ

Live scenes across England right now ‚òÄüéâ

#ENGPAN https://t.co/pOqaVykdHG",47,@BBC
0.0,Sun Jun 24 14:20:08 +0000 2018,0.0,1.0,0.0,"‚ù§Ô∏èüíç Game of Thrones stars, Rose Leslie and Kit Harington have tied the knot at a ceremony in Aberdeenshire.
üëâ‚Ä¶ https://t.co/VzvDpNHgRO",48,@BBC
-0.4215,Sun Jun 24 13:03:02 +0000 2018,0.135,0.865,0.0,"üíîü¶ç Koko the gorilla sadly passed away this week, aged 46.

This is the story of her life. https://t.co/rIRb7mHpJx",49,@BBC
0.0,Sun Jun 24 12:02:03 +0000 2018,0.0,1.0,0.0,üêõ Did you know there's a whole world on the back of a sloth?  https://t.co/wRWmXa7j4R,50,@BBC
0.8268,Sun Jun 24 11:04:03 +0000 2018,0.0,0.688,0.312,"ü•ëü•ïüåû These summery vegan dishes are perfect for when it's hot (and still delicious when it's not!) 

üëâ‚Ä¶ https://t.co/n8Nra5f9Jl",51,@BBC
0.2942,Sun Jun 24 10:52:39 +0000 2018,0.0,0.897,0.103,"RT @BBCWorld: ""At last!""

Saudi Arabia becomes the last country in the world to allow women to drive. https://t.co/vfOqNTBk9o https://t.co/‚Ä¶",52,@BBC
0.3612,Sun Jun 24 10:03:02 +0000 2018,0.0,0.783,0.217,"Getting ready for #ENG v #PAN like... Ô∏è‚öΩÔ∏èüèÜüí™ @JKCorden #WorldCup 

https://t.co/EbID4RxLuE",53,@BBC
0.6269,Sun Jun 24 09:33:12 +0000 2018,0.0,0.745,0.255,"RT @BBC6Music: Ah, it seems so peaceful @GlastoFest this weekend. (via @bbcsomerset)  https://t.co/JzF0sbDEEh",54,@BBC
0.34,Sun Jun 24 09:04:05 +0000 2018,0.0,0.882,0.118,"Today, England play their first ever match against #WorldCup debutants Panama. ü¶Åü¶Åü¶Å

World Cup 2018: #ENG v #PAN | 1‚Ä¶ https://t.co/rZLcc8qfZ8",55,@BBC
0.0,Sun Jun 24 08:37:50 +0000 2018,0.0,1.0,0.0,"RT @BBCWorld: New Zealand's PM reveals her daughter's name as she leaves hospital in Auckland üë∂üá≥üáø

https://t.co/5E751apfOg https://t.co/Zt7‚Ä¶",56,@BBC
0.0,Sun Jun 24 08:20:08 +0000 2018,0.0,1.0,0.0,"What's happened since #BluePlanet2 first aired and what does Sir David Attenborough think about the response?
üëâ‚Ä¶ https://t.co/Qo4Nu3wQHT",57,@BBC
0.3182,Sun Jun 24 07:01:05 +0000 2018,0.24,0.413,0.347,"‚öΩÔ∏è‚ù§Ô∏è I. Bloody. Love. Football. 
#WorldCup https://t.co/vrmHGAfFYY",58,@BBC
0.0,Sat Jun 23 20:12:00 +0000 2018,0.0,1.0,0.0,"Over the last 50 years, the flesh-footed shearwater population has dropped by 30%.

Plastic is a major cause of the‚Ä¶ https://t.co/KwcWT38E6F",59,@BBC
0.0,Sat Jun 23 19:02:02 +0000 2018,0.0,1.0,0.0,"Live coverage of England's clash with New Zealand in Colorado, USA. üèâ

Rugby League: New Zealand v England | 9pm |‚Ä¶ https://t.co/gNfWK4lAsg",60,@BBC
0.5719,Sat Jun 23 17:06:01 +0000 2018,0.0,0.821,0.179,‚òÄÔ∏èüôå Thousands of people gathered at Stonehenge this week to watch the sunrise and celebrate the #SummerSolstice. https://t.co/f0PA5HYgRK,61,@BBC
0.7412,Sat Jun 23 16:02:02 +0000 2018,0.0,0.614,0.386,"‚öΩüêù Goal!!!
These clever bumblebees have been taught to play football. https://t.co/00fEPKxEYQ",62,@BBC
0.4019,Sat Jun 23 15:00:27 +0000 2018,0.0,0.847,0.153,"üì±‚ôøÔ∏è This 13-year-old made an app to help disabled people find accessible services. 
(via @BBCThree) https://t.co/EkjrhQOFi3",63,@BBC
0.0,Sat Jun 23 14:02:01 +0000 2018,0.0,1.0,0.0,"Unlocking the hidden life of Frida Kahlo.
üëâ https://t.co/g8KqGCs5JX https://t.co/SyRnFXRvNQ",64,@BBC
0.0,Sat Jun 23 12:57:05 +0000 2018,0.0,1.0,0.0,"üé∂üé§Meet the stockbroker who writes hits for @LittleMix and @JessGlynne 

https://t.co/zYl0M4CHcj https://t.co/s8HYxwiDKr",65,@BBC
0.0,Sat Jun 23 12:00:16 +0000 2018,0.0,1.0,0.0,"üé∂ SOUND ON üé∂ 
Below the big blue there is green! üíö
#OurBluePlanet w/ @OceanX https://t.co/E46jJvtmrN",66,@BBC
0.0,Sat Jun 23 11:01:06 +0000 2018,0.0,1.0,0.0,"Faced with extreme weather, Bolivian farmers are going underground.
#BBCTakingTheTemperature https://t.co/ocATWI0jPL",67,@BBC
0.0,Sat Jun 23 10:02:04 +0000 2018,0.143,0.675,0.183,"The ban on microbeads in certain products has begun in England and Scotland.

Here are some natural alternatives so‚Ä¶ https://t.co/vqESNyr5qD",68,@BBC
0.0,Sat Jun 23 09:01:05 +0000 2018,0.0,1.0,0.0,"üòçüêø Baby squirrels grow up so fast! 
#SuperSquirrels https://t.co/NzSE4lUIC8",69,@BBC
0.2732,Sat Jun 23 07:59:02 +0000 2018,0.0,0.86,0.14,There has been a significant fall in the number of cases of HPV following the introduction of a vaccine for young w‚Ä¶ https://t.co/19trkIMZ91,70,@BBC
0.0,Sat Jun 23 07:22:00 +0000 2018,0.0,1.0,0.0,"‚ôªÔ∏èüåçSmall actions can make a big difference. 
#PlasticsAction

https://t.co/AWXUYNJ4e3 https://t.co/9Khy2bq19Z",71,@BBC
0.6369,Fri Jun 22 19:11:28 +0000 2018,0.0,0.741,0.259,"RT @BBCBreakfast: So many reasons to love¬†the #NorthEast of #England.
#Inventions https://t.co/xVseuMG347",72,@BBC
0.25,Fri Jun 22 19:11:15 +0000 2018,0.0,0.913,0.087,"RT @bbcworldservice: Born without a jaw, Isaiah Acosta has never spoken a word, yet he‚Äôs gone on to fulfil his dream of becoming a rapper.‚Ä¶",73,@BBC
0.0,Fri Jun 22 19:10:41 +0000 2018,0.0,1.0,0.0,"RT @bbcstories: Today marks 70 years since the arrival of Caribbean migrants on the Empire Windrush ship to the UK.

 Back in 2018, how has‚Ä¶",74,@BBC
0.7518,Fri Jun 22 19:10:14 +0000 2018,0.0,0.735,0.265,RT @BBCTwo: How long would it take you to demolish this AMAZING burger? üçîüòµ #MillionPoundMenu https://t.co/KH8VHK2rE6,75,@BBC
0.3612,Fri Jun 22 19:09:53 +0000 2018,0.0,0.902,0.098,"RT @BBCFOUR: With over 10,000 credits, Carol Kaye is one of the most prolific bassists of all time ‚Äì and her bragging rights are *amazing*.‚Ä¶",76,@BBC
0.4215,Fri Jun 22 19:04:06 +0000 2018,0.0,0.865,0.135,"‚ù§Ô∏èüêø Meet the sabre-toothed squirrel whose life was saved by an amateur dentist.
üëâ https://t.co/C6gXwp7Yke https://t.co/fp3vGzEW5S",77,@BBC
-0.3182,Fri Jun 22 18:01:05 +0000 2018,0.15,0.85,0.0,"üòÇüëõ Everyone has that one mate who always loses their purse... 
#HearHer #LiveAtTheApollo https://t.co/DinViMhGVm",78,@BBC
0.0,Fri Jun 22 17:00:21 +0000 2018,0.0,1.0,0.0,üêæüê∂üíï Would you give a deaf dog a home? https://t.co/sjbsjOEzqT,79,@BBC
0.0,Fri Jun 22 16:01:00 +0000 2018,0.0,1.0,0.0,"When the weekend's so close you can almost touch it...  üôå #FridayFeeling
 @Camila_Cabello https://t.co/eosSiBxZft",80,@BBC
0.0,Fri Jun 22 13:02:03 +0000 2018,0.0,1.0,0.0,"üòÇüé§ Hello, it's literally me... 
#HearHer https://t.co/7XMLDQMR3B",81,@BBC
0.0,Fri Jun 22 12:03:05 +0000 2018,0.0,1.0,0.0,Questions for a Sikh https://t.co/UhKZNiTRtC,82,@BBC
-0.34,Fri Jun 22 11:00:13 +0000 2018,0.156,0.844,0.0,"Why do only some people get blackout drunk?
üëâ https://t.co/4C8KOCcSsU https://t.co/8S8axGO0F5",83,@BBC
0.0,Fri Jun 22 08:01:04 +0000 2018,0.0,1.0,0.0,"In the aftermath of Hurricane Maria, Michelin-starred @chefjoseandres managed to feed more Puerto Ricans than any g‚Ä¶ https://t.co/SXJJG4hnMG",84,@BBC
0.6632,Fri Jun 22 07:28:05 +0000 2018,0.119,0.559,0.322,"'Always forgive your enemies; nothing annoys them so much.'

Oscar Wilde's best quotes.
üëâ https://t.co/4ldEknyrSW https://t.co/vr8KdzXP89",85,@BBC
0.0,Fri Jun 22 07:00:04 +0000 2018,0.0,1.0,0.0,"'I wax my face every 2 weeks and haven't been able to get pregnant, but I won't let polycystic ovary syndrome defin‚Ä¶ https://t.co/uyNbPpgeY7",86,@BBC
0.2732,Thu Jun 21 19:03:04 +0000 2018,0.2,0.595,0.205,"üòÇ That time @NoelFielding11 confronted some rowdy teens‚Ä¶
#LiveAtTheApollo https://t.co/tV9SB4r8Yz",87,@BBC
0.0,Thu Jun 21 18:01:06 +0000 2018,0.0,1.0,0.0,üì± Is social media impacting how we express ourselves?  https://t.co/nADRuAW49x,88,@BBC
0.3134,Thu Jun 21 16:42:25 +0000 2018,0.062,0.811,0.127,"RT @bbcthree: What it feels like when you don't want your baby. #HearHer
(turn on your sound) https://t.co/7ErzX8p7Ag",89,@BBC
0.5093,Thu Jun 21 16:01:04 +0000 2018,0.0,0.732,0.268,üòç The Scottish coast is incredible! https://t.co/pn2LdiZwdQ,90,@BBC
0.8074,Thu Jun 21 16:00:09 +0000 2018,0.0,0.687,0.313,"RT @BBCRadio4: Activist
Poet
Director
Actor
Writer...
...and inspiration
@Aardman Animations made a beautiful short film about Maya Angelou‚Ä¶",91,@BBC
-0.7506,Thu Jun 21 13:02:34 +0000 2018,0.314,0.686,0.0,"üíîü¶ç Koko the gorilla has sadly died, aged 46.

Here's the story of her life. https://t.co/rIRb7mHpJx",92,@BBC
0.0,Thu Jun 21 12:28:30 +0000 2018,0.0,1.0,0.0,"RT @BBCOne: In 1979, one surgeon was about to make NHS history by performing the UK's first heart transplant. https://t.co/HmUZBE5MLd",93,@BBC
0.0,Thu Jun 21 12:25:47 +0000 2018,0.0,1.0,0.0,"RT @bbcarts: Artistic Director at @royalcourt, @vicfeatherstone, has curated #Snatches - a series of provocative monologues, written and pe‚Ä¶",94,@BBC
0.7845,Thu Jun 21 12:01:06 +0000 2018,0.0,0.699,0.301,Tessa Sanderson was the first British woman to win an Olympic gold medal in the javelin. #HearHer https://t.co/Kqff1C4QSe,95,@BBC
0.0,Thu Jun 21 11:01:04 +0000 2018,0.0,1.0,0.0,"ü•ó What's behind the rise in veganism?
üëâ https://t.co/26dyqv3CWQ https://t.co/KZd2kBVkNW",96,@BBC
0.0,Thu Jun 21 09:55:19 +0000 2018,0.0,1.0,0.0,"‚ù§Ô∏èüë∂ New Zealand's Prime Minister Jacinda Ardern has given birth to a baby girl, making her only the second elected‚Ä¶ https://t.co/7LDkCupd1c",97,@BBC
0.5719,Thu Jun 21 09:13:56 +0000 2018,0.0,0.791,0.209,‚òÄÔ∏è Thousands of people have witnessed the sunrise at Stonehenge to celebrate the #SummerSolstice. https://t.co/f0PA5HYgRK,98,@BBC
-0.8979,Thu Jun 21 08:01:01 +0000 2018,0.442,0.558,0.0,"When a fire at a children's home in Guatemala killed dozens of teenage girls, it exposed a terrifying culture of ab‚Ä¶ https://t.co/saKLWSu1NT",99,@BBC
0.7574,Wed Jun 27 14:00:01 +0000 2018,0.0,0.711,0.289,"It looks like you...

(‚Ä¢_‚Ä¢)
( ‚Ä¢_‚Ä¢)&gt;‚åê‚ñ†-‚ñ†
(‚åê‚ñ†_‚ñ†)

Have a lot of TV to watch!

Celebrate #NationalSunglassesDay with H‚Ä¶ https://t.co/Babt4ajIgV",0,@CBS
0.5574,Mon Jun 25 18:20:25 +0000 2018,0.0,0.796,0.204,The world will finally know the truth. ‚òÑÔ∏è Make sure to tune in to the heart-pounding Season 2 premiere of‚Ä¶ https://t.co/mqMleW90DY,1,@CBS
0.1867,Fri Jun 22 21:19:06 +0000 2018,0.0,0.902,0.098,Tonight's the night! Don't miss model @ashleygraham on the season finale of Celebrity @undercover_cbs at 8/7c. https://t.co/iBxAOcOF7a,2,@CBS
0.4199,Fri Jun 22 18:33:53 +0000 2018,0.0,0.811,0.189,"Every day is #TakeYourDogToWorkDay for shows like @HawaiiFive0CBS, @MomCBS, @SEALTeamCBS, and @bigbangtheory! https://t.co/DJaOt1VQcw",3,@CBS
0.4926,Thu Jun 21 23:29:50 +0000 2018,0.0,0.803,0.197,"Lights, camera, selfie! üì∏¬†Could there be a better photo for #NationalSelfieDay? https://t.co/14Ewx64yKC",4,@CBS
0.3555,Wed Jun 20 00:39:01 +0000 2018,0.122,0.68,0.199,There‚Äôs nothing quite like watching a contestant win a brand new car on @PriceIsRight. üëè  https://t.co/aKlFikYAMM,5,@CBS
0.0,Mon Jun 18 20:27:50 +0000 2018,0.0,1.0,0.0,Time to make your predictions for #BB20! üëè Get to know the @CBSBigBrother Houseguests before the big premiere next‚Ä¶ https://t.co/jlpIchJ9sk,6,@CBS
0.0,Mon Jun 18 15:00:46 +0000 2018,0.0,1.0,0.0,RT @CBSBigBrother: Meet the cast of #BB20... before anyone else! Start streaming all their live interviews beginning at 11am EST/8am PST on‚Ä¶,7,@CBS
0.9392,Sun Jun 17 13:00:01 +0000 2018,0.0,0.507,0.493,"Today and every day we celebrate their love, guidance, and support. Happy #FathersDay to every kind of dad! https://t.co/Wffax1khBH",8,@CBS
0.3595,Fri Jun 15 18:48:29 +0000 2018,0.0,0.872,0.128,"Casting Alert! @paulwesley, @DaniaJRamirez &amp; @JamesWolk are set to star in the upcoming CBS All Access psychologica‚Ä¶ https://t.co/JnZMrzT92n",9,@CBS
-0.296,Thu Jun 14 17:30:00 +0000 2018,0.167,0.833,0.0,"In case you missed it, watch the entire #TonyAwards now: https://t.co/Bm0yNV3Ff3 https://t.co/h3YnFkmSQJ",10,@CBS
0.1779,Thu Jun 14 16:19:32 +0000 2018,0.12,0.734,0.147,RT @StrangeAngel: Mastermind or maniac? Explore the brilliant mind of Jack Parsons in #StrangeAngel. Now streaming on CBS All Access: https‚Ä¶,11,@CBS
-0.5562,Tue Jun 12 00:19:23 +0000 2018,0.315,0.551,0.134,"No pain, no gain, ALL Hart! Just one month until the premiere of @TKOCBS hosted by @KevinHart4real. https://t.co/C1yMCglxVn",12,@CBS
0.5093,Mon Jun 11 22:23:06 +0000 2018,0.0,0.829,0.171,"RT @TheNeighborhood: Welcome to #TheNeighborhood, @BethBehrs! The @2BrokeGirls star returns to @CBS in a new sitcom alongside @CedEntertain‚Ä¶",13,@CBS
-0.296,Mon Jun 11 19:01:38 +0000 2018,0.167,0.833,0.0,"In case you missed it, watch the entire #TonyAwards now: https://t.co/Bm0yNV3Ff3 https://t.co/3GA5otlcPa",14,@CBS
0.0,Mon Jun 11 14:00:37 +0000 2018,0.0,1.0,0.0,How do you know @SaraBareilles and @joshgroban's music? #TonyAwards https://t.co/POMXBORfUT,15,@CBS
0.0,Mon Jun 11 06:19:36 +0000 2018,0.0,1.0,0.0,Here are all the performances from the 2018 #TonyAwards: https://t.co/gN4ItpFlRd https://t.co/fSMNBXKC9r,16,@CBS
0.4767,Mon Jun 11 06:04:41 +0000 2018,0.0,0.78,0.22,See the complete list of winners from the 2018 #TonyAwards: https://t.co/9XK6CGeber https://t.co/HkUIN4Quej,17,@CBS
0.8478,Mon Jun 11 03:10:33 +0000 2018,0.0,0.594,0.406,An end to a magical evening. The Band's Visit wins for Best Musical! #TonyAwards https://t.co/ODza97n8YH,18,@CBS
0.92,Mon Jun 11 03:02:06 +0000 2018,0.0,0.537,0.463,Congratulations are in order for @TheKatrinaLenk! She just won for Best Leading Actress in a Musical. #TonyAwards https://t.co/t9bNvpiEmH,19,@CBS
0.4404,Mon Jun 11 02:58:30 +0000 2018,0.088,0.737,0.175,"RT @CBSThisMorning: Hmm... something seems off here @SaraBareilles @JoshGroban. üòÇ

@WaitressMusical @GreatCometBway #TonyAwards https://t.c‚Ä¶",20,@CBS
0.4404,Mon Jun 11 02:56:40 +0000 2018,0.0,0.847,0.153,RT @_stobin13: watching the #TonyAwards after going to 3 broadway shows this weekend makes it even better üòçü§©,21,@CBS
0.836,Mon Jun 11 02:56:10 +0000 2018,0.0,0.533,0.467,Tony Shalhoub wins Best Leading Actor in a Musical. #TonyAwards   #TheBandsVisit https://t.co/KcUDSicKI5,22,@CBS
0.0,Mon Jun 11 02:53:00 +0000 2018,0.0,1.0,0.0,The Boss looks right at home on the #TonyAwards stage! https://t.co/pwjv4iydkn,23,@CBS
0.6369,Mon Jun 11 02:47:29 +0000 2018,0.0,0.682,0.318,RT @Aatamianphoto: Springsteen is on the #TonyAwards and I love it.,24,@CBS
0.7978,Mon Jun 11 02:44:50 +0000 2018,0.0,0.457,0.543,Inspiration: Get to your YES! #OnceOnThisIsland #TonyAwards https://t.co/Wjp0QIWfXq,25,@CBS
0.9523,Mon Jun 11 02:44:37 +0000 2018,0.0,0.484,0.516,The feeling when you win a Tony. üôå¬†Congratulations to Once on This Island for winning Best Revival of a Musical!‚Ä¶ https://t.co/UpFCqgBTwh,26,@CBS
0.5994,Mon Jun 11 02:33:09 +0000 2018,0.0,0.698,0.302,What a beautiful performance by the cast of #TheBandsVisit. #TonyAwards https://t.co/4Hw96kZvrf,27,@CBS
0.4215,Mon Jun 11 02:29:18 +0000 2018,0.0,0.877,0.123,"""I'm a living example of how theatre can change you - and it didn't just change me, it saved me."" @JohnLeguizamo at‚Ä¶ https://t.co/4ICwMhb6hv",28,@CBS
0.8932,Mon Jun 11 02:23:56 +0000 2018,0.0,0.483,0.517,Angels in America takes the win for Best Revival of a Play! #TonyAwards https://t.co/zodW61tw8a,29,@CBS
0.0,Mon Jun 11 02:21:03 +0000 2018,0.0,1.0,0.0,"RT @leahableson: The Once On This Island Goat And Chicken made it to the broadcast, Mama WILL provide #TonyAwards",30,@CBS
0.0,Mon Jun 11 02:16:06 +0000 2018,0.0,1.0,0.0,That performance was the GOAT. #TonyAwards https://t.co/mtoU92HipQ,31,@CBS
0.8908,Mon Jun 11 02:11:03 +0000 2018,0.0,0.509,0.491,Harry Potter and the Cursed Child wins Best Play at the #TonyAwards! @HPPlayNYC https://t.co/WIqJQmtAlN,32,@CBS
0.0,Mon Jun 11 02:05:47 +0000 2018,0.0,1.0,0.0,üé∂ ‚ÄúLet's dance this last dance tonight.‚Äù üé∂ #TonyAwards #DonnaSummerMusical https://t.co/UAIaglChfv,33,@CBS
0.4926,Mon Jun 11 02:03:31 +0000 2018,0.0,0.738,0.262,Hope he brought enough birthday cake for everyone! #TonyAwards https://t.co/FlLbKV6oj8,34,@CBS
0.5093,Mon Jun 11 01:58:48 +0000 2018,0.0,0.477,0.523,@writerlindsayb You're welcome! #TonyAwards,35,@CBS
0.7579,Mon Jun 11 01:53:17 +0000 2018,0.0,0.519,0.481,RT @hjmayer8: I sure do love @DearEvanHansen üíô #TonyAwards,36,@CBS
0.6467,Mon Jun 11 01:51:16 +0000 2018,0.0,0.752,0.248,"RT @Valerie4815: What a birthday present, the Tony audience singing happy birthday to you!! #TonyAwards",37,@CBS
0.0,Mon Jun 11 01:38:23 +0000 2018,0.0,1.0,0.0,If only this performance could go on forever. #TonyAwards @FrozenBroadway https://t.co/p2BMUvyTxr,38,@CBS
0.636,Mon Jun 11 01:37:36 +0000 2018,0.0,0.724,0.276,RT @anna_villanueva: Magnificent performance from the cast of @FrozenBroadway! #TonyAwards2018 #TonyAwards #Tonys,39,@CBS
0.8834,Mon Jun 11 01:30:56 +0000 2018,0.0,0.437,0.563,Glenda Jackson wins Best Leading Actress in a Play. #TonyAwards @threetallwomen https://t.co/GRp1gcBuiW,40,@CBS
0.0,Mon Jun 11 01:29:21 +0000 2018,0.0,1.0,0.0,.@SaraBareilles is totally a Gryffindor. #TonyAwards https://t.co/OPQ7esk2dn,41,@CBS
0.7351,Mon Jun 11 01:26:03 +0000 2018,0.079,0.625,0.296,RT @IzzyNY202: How impressive are these Marjory Stoneman Douglas students? That #TonyAwards performance reduced me to tears. Amazing.,42,@CBS
0.0,Mon Jun 11 01:25:59 +0000 2018,0.0,1.0,0.0,RT @KatLargent: MAGIC #TonyAwards,43,@CBS
0.0,Mon Jun 11 01:24:46 +0000 2018,0.0,1.0,0.0,Such a touching moment at the #TonyAwards. ‚ù§Ô∏è https://t.co/4kJWTHVPZ8,44,@CBS
0.4019,Mon Jun 11 01:24:12 +0000 2018,0.0,0.838,0.162,.@Matt_Morrison welcomes the Marjory Stoneman Douglas High School theatre department to the stage. #TonyAwards https://t.co/5dxa9smeka,45,@CBS
0.9151,Mon Jun 11 01:19:59 +0000 2018,0.0,0.543,0.457,So many feels at the #TonyAwards. Congratulations to @arielstachel for winning Best Featured Actor in a Musical!‚Ä¶ https://t.co/m1aRNIHPRK,46,@CBS
0.6369,Mon Jun 11 01:12:31 +0000 2018,0.0,0.625,0.375,RT @McBenefit: I love everything about you @UzoAduba. #TonyAwards,47,@CBS
0.1511,Mon Jun 11 01:08:28 +0000 2018,0.0,0.898,0.102,RT if that musical number by the cast of Carousel blew you away! #TonyAwards https://t.co/CMzMNtcAQO,48,@CBS
0.1531,Mon Jun 11 01:08:24 +0000 2018,0.0,0.852,0.148,Nathan Lane saw his #AngelsinAmerica role as a challenge. How will you challenge yourself in 2018? #TonyAwards https://t.co/3WXd6AqgBi,49,@CBS
0.8834,Mon Jun 11 01:02:47 +0000 2018,0.0,0.437,0.563,Nathan Lane wins Best Featured Actor in a Play. #TonyAwards @angelsbway https://t.co/xc8M7JtLDE,50,@CBS
0.0,Mon Jun 11 00:58:06 +0000 2018,0.0,1.0,0.0,üåü¬†@joshgroban and @SaraBareilles are Host Goals. üåü #TonyAwards https://t.co/OGQec8cXJ6,51,@CBS
0.2714,Mon Jun 11 00:52:34 +0000 2018,0.0,0.793,0.207,RT @adub369: This is unbelievable! @SaraBareilles and @joshgroban #TonyAwards,52,@CBS
0.0,Mon Jun 11 00:51:11 +0000 2018,0.0,1.0,0.0,Who lives in a pineapple and just performed at The Tonys? üççüé∂ The cast of SpongeBob SquarePants: The Musical!‚Ä¶ https://t.co/mvFxdh9UJi,53,@CBS
0.8883,Mon Jun 11 00:50:18 +0000 2018,0.0,0.433,0.567,‚ú® @LindsayMendez wins Best Featured Actress in a Musical! #TonyAwards @carouselbway https://t.co/MtgFowscN5,54,@CBS
0.9134,Mon Jun 11 00:45:14 +0000 2018,0.0,0.387,0.613,A big congratulations to @springsteen for his Special Tony award! ‚ú®¬†#TonyAwards https://t.co/i16u8uv9aT,55,@CBS
0.0,Mon Jun 11 00:44:36 +0000 2018,0.0,1.0,0.0,Can the 73rd annual #TonyAwards just be three-hours of @TitussBurgess? https://t.co/3rCZwwTUtv,56,@CBS
0.25,Mon Jun 11 00:35:41 +0000 2018,0.0,0.92,0.08,"RT @CBSThisMorning: ""We know there are a lot of you out there who have photos of yourself in school plays or community theater."" Post your‚Ä¶",57,@CBS
0.4588,Mon Jun 11 00:34:45 +0000 2018,0.0,0.85,0.15,Keep your acceptance speeches short or else the #TonyAwards will get the angels involved. #AngelsInAmerica üëº https://t.co/oznhezRzDc,58,@CBS
0.0,Mon Jun 11 00:31:28 +0000 2018,0.0,1.0,0.0,"If you haven't started singing, you will be the rest of the night. #TonyAwards #MyFairLady https://t.co/jbGXwnru8N",59,@CBS
0.3612,Mon Jun 11 00:27:42 +0000 2018,0.0,0.737,0.263,RT @marialena_rago: I like this opener for @MyFairLadyBway #TonyAwards,60,@CBS
0.8908,Mon Jun 11 00:27:00 +0000 2018,0.0,0.43,0.57,Laurie Metcalf wins Best Featured Actress in a Play! #TonyAwards @threetallwomen https://t.co/y4teyJaRPs,61,@CBS
0.0,Mon Jun 11 00:24:31 +0000 2018,0.0,1.0,0.0,Tina Fey has a boat?? #MeanGirls #TonyAwards https://t.co/phYxmHMd3d,62,@CBS
0.0,Mon Jun 11 00:22:15 +0000 2018,0.0,1.0,0.0,Representing the hardest-working men and women in Broadway‚Ä¶¬†ensemble members from every nominated musical tonight!‚Ä¶ https://t.co/imlEEnOUla,63,@CBS
0.6369,Mon Jun 11 00:22:15 +0000 2018,0.0,0.588,0.412,RT @misschae: I love theatre so much. #TonyAwards,64,@CBS
0.0,Mon Jun 11 00:18:16 +0000 2018,0.0,1.0,0.0,On Wednesdays they wear pink and on Sundays they perform at the #TonyAwards. üíï Who thought that performance by the‚Ä¶ https://t.co/w7QDkaX6kF,65,@CBS
0.6369,Mon Jun 11 00:13:27 +0000 2018,0.0,0.756,0.244,"RT @MichaelJMoritz: ""We are all made perfectly and we all belong‚Äù - Andrew Garfield #TonyAwards",66,@CBS
0.8834,Mon Jun 11 00:12:31 +0000 2018,0.0,0.437,0.563,Andrew Garfield wins Best Leading Actor in a Play. #TonyAwards @angelsbway https://t.co/s2VQnw6IPP,67,@CBS
0.6696,Mon Jun 11 00:06:39 +0000 2018,0.0,0.64,0.36,"RT @nightingalen: Love this opening song! @joshgroban
@SaraBarreilles 
#TonyAwards",68,@CBS
0.3182,Mon Jun 11 00:04:15 +0000 2018,0.0,0.85,0.15,‚ú® @joshgroban and @SaraBareilles take the stage to begin an unforgettable evening. #TonyAwards https://t.co/y9uzlK2DzO,69,@CBS
0.0,Sun Jun 10 23:59:00 +0000 2018,0.0,1.0,0.0,Grab your popcorn... it's time for the #TonyAwards! Go and stream the entire show now: https://t.co/Wo1algQHix https://t.co/JGYTk4NPDN,70,@CBS
0.4374,Sun Jun 10 23:18:15 +0000 2018,0.0,0.855,0.145,‚ú® @thegoodfight's Christine Baranski has arrived on the #TonyAwards red carpet! Watch LIVE at 8/7c on CBS! https://t.co/XnXAnPtRrc,71,@CBS
0.0,Sun Jun 10 22:01:25 +0000 2018,0.0,1.0,0.0,"The hosts have arrived! We're LIVE with @SaraBareilles, @joshgroban and more on the #TonyAwards red carpet hosted b‚Ä¶ https://t.co/NtarbgywLe",72,@CBS
0.4184,Sun Jun 10 15:00:01 +0000 2018,0.0,0.843,0.157,Tonight's the night! Join @etnow's @DDirecto on the #TonyAwards' red carpet starting at 5PM ET! https://t.co/hZLOSiIRAT,73,@CBS
0.68,Sat Jun 09 21:00:02 +0000 2018,0.0,0.763,0.237,These two know a thing or two about awards! Watch them light up the stage tomorrow at the #TonyAwards. ‚ú® https://t.co/KHVZp65oLS,74,@CBS
0.0,Sat Jun 09 16:00:00 +0000 2018,0.0,1.0,0.0,Here's everything you need to know before watching the #TonyAwards this Sunday at 8/7c: https://t.co/jcRgNGmLUZ https://t.co/8suUhVPFK6,75,@CBS
0.296,Fri Jun 08 19:46:17 +0000 2018,0.0,0.82,0.18,Join @etnow's @DDirecto this Sunday on the #TonyAwards' red carpet. https://t.co/7jS8g10KmY,76,@CBS
0.0,Fri Jun 08 15:00:03 +0000 2018,0.0,1.0,0.0,Here's @laChanze with a reminder that you can stream the #TonyAwards this Sunday on CBS All Access! https://t.co/8TDEXzKmyQ,77,@CBS
0.9078,Fri Jun 08 13:58:15 +0000 2018,0.0,0.564,0.436,"We all get by with a little help from our friends, so what better way to celebrate #NationalBestFriendsDay than to‚Ä¶ https://t.co/pIZezbBwaT",78,@CBS
0.3612,Thu Jun 07 17:03:26 +0000 2018,0.0,0.872,0.128,"Get ready for show-stopping performances by the casts of the 2018 Tony-nominated shows Mean Girls, SpongeBob Square‚Ä¶ https://t.co/NiSx9Bbw0F",79,@CBS
0.2732,Wed Jun 06 21:00:24 +0000 2018,0.105,0.719,0.176,Don‚Äôt miss a special performance from @springsteen this Sunday at the #TonyAwards: https://t.co/LYYdleaFwU https://t.co/IKkKoITH9y,80,@CBS
0.3595,Wed Jun 06 00:08:30 +0000 2018,0.0,0.872,0.128,"RT @CBSThisMorning: .@SaraBareilles and @joshgroban are hosting this Sunday's @TheTonyAwards on @CBS! 

Wednesday, they'll join us LIVE on‚Ä¶",81,@CBS
-0.4404,Tue Jun 05 22:23:35 +0000 2018,0.177,0.723,0.1,"RT @SU2C: SU2C telecast Co-Executive Producer Bradley Cooper sits down with Mitch Carbon, a pediatric cancer survivor who benefited from #S‚Ä¶",82,@CBS
0.4574,Tue Jun 05 22:12:28 +0000 2018,0.0,0.824,0.176,RT @StrangeAngel: About last night... The #StrangeAngel screening party was a blast! Pun intended. üöÄüòè https://t.co/m64EcNmweY,83,@CBS
0.5093,Tue Jun 05 19:00:02 +0000 2018,0.0,0.845,0.155,These CBS stars can really belt it out! Find out which celebs from your favorite shows are pitch-perfect:‚Ä¶ https://t.co/X4zMACFazB,84,@CBS
0.0,Tue Jun 05 15:04:41 +0000 2018,0.0,1.0,0.0,"More stars are set to appear at the #TonyAwards, including @billyjoel, @amyschumer, and @katharinemcphee. See who e‚Ä¶ https://t.co/lPUocBcn9t",85,@CBS
0.0,Mon Jun 04 17:00:00 +0000 2018,0.0,1.0,0.0,"The #TonyAwards are just days away, and @joshgroban and @SaraBareilles will bring all they've got to Broadway's Big‚Ä¶ https://t.co/eKkWn6ClSq",86,@CBS
-0.3903,Fri Jun 01 17:39:17 +0000 2018,0.131,0.807,0.062,"Call us old-fashioned, but we donut want you missing out on #NationalDonutDay! Here are a few treats from us to you‚Ä¶ https://t.co/HpzN8bQ3SO",87,@CBS
0.8442,Fri Jun 01 17:00:03 +0000 2018,0.0,0.664,0.336,Remember @Lin_Manuel‚Äôs beautiful sonnet from the 70th Annual Tony Awards¬Æ? Relive some of the greatest moments in‚Ä¶ https://t.co/IZjeQLd58C,88,@CBS
0.8932,Thu May 31 23:50:00 +0000 2018,0.0,0.545,0.455,"Good friends @joshgroban and @SaraBareilles are hosting the #TonyAwards together? Well, this is bound to be fun! https://t.co/26Vgzp0s2e",89,@CBS
0.4926,Wed May 30 15:07:34 +0000 2018,0.0,0.849,0.151,"The #TonyAwards just got even better because @UzoAduba, @MattBomer, and more stars will be presenting live! Find ou‚Ä¶ https://t.co/hfFBtWo1T9",90,@CBS
0.0,Mon May 28 21:00:01 +0000 2018,0.0,1.0,0.0,"Mark your calendars. @SalvationCBS returns Monday, June 25 at 9/8c! ‚òÑÔ∏è https://t.co/N9pYuhYLRF",91,@CBS
0.0,Mon May 28 02:08:19 +0000 2018,0.0,1.0,0.0,RT @thegoodfight: All episodes of season 2 are now available. Stream #TheGoodFight on CBS All Access: https://t.co/k3tn8kR9KC https://t.co/‚Ä¶,92,@CBS
0.6239,Wed May 23 23:07:38 +0000 2018,0.0,0.797,0.203,Get the popcorn ready! üçø  It's going to be an unforgettable @survivorcbs finale. Make sure to tune in TONIGHT at 8/‚Ä¶ https://t.co/vp0JyqfXMQ,93,@CBS
0.5859,Wed May 23 19:02:43 +0000 2018,0.0,0.826,0.174,"RT @StrangeAngel: Every brilliant mind has a dark side. #StrangeAngel launches June 14, only on CBS All Access. https://t.co/y0MZg1BzEB htt‚Ä¶",94,@CBS
0.1139,Tue May 22 23:19:40 +0000 2018,0.0,0.917,0.083,Prepare yourself. The @NCIS_CBS season finale is unlike any other. Don't miss it TONIGHT at 8/7c. https://t.co/MOH6uiFc0C,95,@CBS
0.0,Tue May 22 20:02:22 +0000 2018,0.0,1.0,0.0,"Summer heats up with @CBSBigBrother, @SalvationCBS, and the brand-new competition series @TKOCBS. Find out when you‚Ä¶ https://t.co/DxE7OnKs17",96,@CBS
0.0,Mon May 21 23:00:01 +0000 2018,0.0,1.0,0.0,Who‚Äôs going to be watching the season finale of @ManWithAPlan tonight? RT if you'll be tuning in at 8:30/7:30c! https://t.co/ARLRtVuGuc,97,@CBS
0.3382,Sun May 20 20:00:00 +0000 2018,0.061,0.808,0.131,The season finale of @MadamSecretary will leave you speechless! Make sure to tune in tonight at 10/9c. https://t.co/hqxkLZsWpl,98,@CBS
0.1867,Sun May 20 17:00:01 +0000 2018,0.0,0.92,0.08,The @NCISLA season finale is going to be a wild ride. Don't miss all of the action starting TONIGHT at 8/7c! https://t.co/PNtUuVf9VQ,99,@CBS
0.5859,Wed Jun 27 15:47:55 +0000 2018,0.0,0.808,0.192,"Senate Majority Leader Mitch McConnell says the win by Alexandria Ocasio-Cortez, a 28-year-old running her first ca‚Ä¶ https://t.co/OZDGwAhTJe",0,@CNN
-0.4404,Wed Jun 27 15:36:21 +0000 2018,0.153,0.847,0.0,"A judge denied rapper Meek Mill's petition for a new trial, despite the district attorney's office recommending tha‚Ä¶ https://t.co/BFQhWcfekN",1,@CNN
0.0,Wed Jun 27 15:24:45 +0000 2018,0.0,1.0,0.0,"The Smithsonian has unveiled a design for the National Native American Veterans Memorial, which will be placed on t‚Ä¶ https://t.co/dCwD3oAtJ7",2,@CNN
0.0258,Wed Jun 27 15:14:06 +0000 2018,0.166,0.663,0.171,Facebook has abandoned an ambitious plan to design and produce its own drones. https://t.co/OsmYnonbis,3,@CNN
0.25,Wed Jun 27 15:02:32 +0000 2018,0.159,0.625,0.216,Former government contractor Reality Winner pleads guilty to leaking classified material https://t.co/xPDaOkB47K https://t.co/V4FIWATsB2,4,@CNN
-0.5106,Wed Jun 27 14:55:00 +0000 2018,0.157,0.786,0.057,"""We are committing human rights abuses on this border in separating children from their families,"" says New York co‚Ä¶ https://t.co/0JsvHEAZXn",5,@CNN
0.0,Wed Jun 27 14:50:11 +0000 2018,0.0,1.0,0.0,White House press secretary Sarah Sanders is expected to receive Secret Service protection https://t.co/J9L7pDzbIs https://t.co/kF76b1GP2b,6,@CNN
-0.296,Wed Jun 27 14:38:04 +0000 2018,0.151,0.849,0.0,The Virginia restaurant owner who asked White House press secretary Sarah Sanders to leave has resigned from the to‚Ä¶ https://t.co/LlHIYmjiGB,7,@CNN
0.5859,Wed Jun 27 14:26:52 +0000 2018,0.0,0.798,0.202,Alexandria Ocasio-Cortez's win will likely make her the youngest person in Congress in 2019 https://t.co/pMUjLQSfR6 https://t.co/zMoh38VPDb,8,@CNN
0.4404,Wed Jun 27 14:14:58 +0000 2018,0.073,0.773,0.155,JUST IN: The Supreme Court deals a major blow to public-sector unions in a case that could shake their financial st‚Ä¶ https://t.co/WesRgtLab3,9,@CNN
-0.1027,Wed Jun 27 13:53:38 +0000 2018,0.145,0.773,0.082,The restaurant owner who asked Sarah Sanders to leave has resigned from the top post of a local business group https://t.co/etysLMTrW7,10,@CNN
0.1027,Wed Jun 27 13:37:41 +0000 2018,0.0,0.924,0.076,A Japanese spacecraft has reached a diamond-shaped asteroid three years after setting off on its mission to learn a‚Ä¶ https://t.co/U0XVLYP4pB,11,@CNN
-0.5106,Wed Jun 27 13:26:12 +0000 2018,0.157,0.786,0.057,"""We are committing human rights abuses on this border in separating children from their families,"" says New York co‚Ä¶ https://t.co/9OTv5cGPUg",12,@CNN
0.7506,Wed Jun 27 13:18:39 +0000 2018,0.0,0.758,0.242,RT @CNNPolitics: Alexandria Ocasio-Cortez will not say if she would support Nancy Pelosi for speaker if she wins in November and Democrats‚Ä¶,13,@CNN
0.9322,Wed Jun 27 13:13:57 +0000 2018,0.0,0.589,0.411,"RT @CNNPolitics: ""We won because we organized. We won because I think we had a very clear, winning message and we took that message to door‚Ä¶",14,@CNN
0.5859,Wed Jun 27 13:13:49 +0000 2018,0.0,0.774,0.226,New York Democrat Alexandria Ocasio-Cortez discusses her primary night win. Watch live: https://t.co/vhkaPaA3uB https://t.co/lYNj8K8WhK,15,@CNN
0.4019,Wed Jun 27 13:00:47 +0000 2018,0.0,0.847,0.153,What Alexandria Ocasio-Cortez's victory says about the Democratic Party and 2020 | Analysis by Harry Enten‚Ä¶ https://t.co/pnoOjHEmb3,16,@CNN
-0.8442,Wed Jun 27 12:45:06 +0000 2018,0.363,0.637,0.0,"JUST IN: A Pittsburgh-area officer has been charged with criminal homicide in the death of Antwon Rose, an unarmed‚Ä¶ https://t.co/rVPbXFSYLP",17,@CNN
0.0,Wed Jun 27 12:37:24 +0000 2018,0.0,1.0,0.0,"On the Mexico border, Latino Republicans back President Trump's immigration plans https://t.co/M0cK75CTAv https://t.co/4KaNigqwhb",18,@CNN
0.0,Wed Jun 27 12:25:32 +0000 2018,0.0,1.0,0.0,JUST IN: White House decides against outright limits on Chinese investment https://t.co/MqMrx3PyoJ https://t.co/vdhUECfX8v,19,@CNN
0.0,Wed Jun 27 12:14:08 +0000 2018,0.0,1.0,0.0,"Mars is often referred to as the Red Planet, but pictures from one of NASA's orbiters showed what appeared to be a‚Ä¶ https://t.co/9KBq3JSYch",20,@CNN
-0.1779,Wed Jun 27 12:02:17 +0000 2018,0.072,0.928,0.0,A mother has shot a man who flew from New Zealand to the US to confront her 14-year-old daughter whom he had met on‚Ä¶ https://t.co/IBRznGQjVE,21,@CNN
0.2732,Wed Jun 27 11:50:59 +0000 2018,0.0,0.89,0.11,"A piece of chewing gum, a bottle of water and new DNA technology may have just solved a teacher's murder‚Ä¶ https://t.co/mZz14hTK6f",22,@CNN
-0.2263,Wed Jun 27 11:39:58 +0000 2018,0.139,0.861,0.0,"Galvanized by the issue of teachers pay and school funding, Oklahoma teachers marched and protested in the state Ca‚Ä¶ https://t.co/hZy59EsrpY",23,@CNN
-0.8316,Wed Jun 27 11:29:26 +0000 2018,0.341,0.659,0.0,A fire raging in northern England has prompted the evacuation of dozens of homes and forced firefighters to work in‚Ä¶ https://t.co/UUW42Sxcz3,24,@CNN
0.34,Wed Jun 27 11:17:04 +0000 2018,0.0,0.87,0.13,US President Donald Trump's national security adviser John Bolton will meet Russian President Vladimir Putin during‚Ä¶ https://t.co/jw627xJ1i3,25,@CNN
0.6369,Wed Jun 27 11:08:42 +0000 2018,0.0,0.743,0.257,"A British heterosexual couple who objected to the ""patriarchal"" institution of marriage have won a legal claim for‚Ä¶ https://t.co/RhJZs9Z514",26,@CNN
-0.8176,Wed Jun 27 10:53:01 +0000 2018,0.333,0.667,0.0,"If a progressive war against the Democratic establishment is coming, Tuesday's primaries were the first shots fired https://t.co/SPDWqYPGM5",27,@CNN
-0.6124,Wed Jun 27 10:49:50 +0000 2018,0.208,0.792,0.0,US companies operating in China are likely to find themselves in the firing line as the trade fight between Washing‚Ä¶ https://t.co/lQSvlqDtS8,28,@CNN
0.5423,Wed Jun 27 10:39:04 +0000 2018,0.0,0.8,0.2,Football legend Diego Maradona has reassured fans that he is fine after he was treated by doctors during Argentina'‚Ä¶ https://t.co/n9BL7HWXy3,29,@CNN
0.6808,Wed Jun 27 10:24:24 +0000 2018,0.0,0.772,0.228,US Secretary Defense James Mattis met with Chinese President Xi Jinping inside the Great Hall of the People in Beij‚Ä¶ https://t.co/Cy7Eo2ikbv,30,@CNN
0.0,Wed Jun 27 10:05:55 +0000 2018,0.0,1.0,0.0,"She is only ranked 183rd in the world, but Serena Williams has been seeded 25th for next week's Wimbledon Champions‚Ä¶ https://t.co/oZGjkfYyca",31,@CNN
-0.296,Wed Jun 27 09:55:06 +0000 2018,0.104,0.896,0.0,"Cave rescuers are ""working around the clock"" to try and locate a group of missing teenage soccer players and their‚Ä¶ https://t.co/r4GDBZ1hm1",32,@CNN
0.0,Wed Jun 27 09:39:16 +0000 2018,0.0,1.0,0.0,"This is the moment Alexandria Ocasio-Cortez, a 28-year-old Latina running her first campaign, discovered she had ou‚Ä¶ https://t.co/UaTHY1RP3P",33,@CNN
0.6908,Wed Jun 27 09:01:00 +0000 2018,0.0,0.769,0.231,"In Utah, 2012 Republican presidential nominee Mitt Romney won the Senate primary and is now poised to cruise to ele‚Ä¶ https://t.co/Ah9X2iQRKq",34,@CNN
-0.2732,Wed Jun 27 08:47:22 +0000 2018,0.211,0.643,0.146,What it's like in the 7 countries on Trump's travel ban list https://t.co/h8rOqzGYEd https://t.co/FQy0qLkZVq,35,@CNN
-0.6369,Wed Jun 27 08:16:52 +0000 2018,0.234,0.766,0.0,"From the brink of defeat and a humiliating World Cup exit, Argentina survive and live on at Russia 2018‚Ä¶ https://t.co/jNDeYp8vWs",36,@CNN
0.8126,Wed Jun 27 07:57:06 +0000 2018,0.0,0.697,0.303,Alexandria Ocasio-Cortez's win on Tuesday caps off a remarkable ascent -- which will likely make her the youngest p‚Ä¶ https://t.co/QNWF6Wa0W7,37,@CNN
-0.1779,Wed Jun 27 07:41:07 +0000 2018,0.072,0.928,0.0,A mother has shot a man who flew from New Zealand to the US to confront her 14-year-old daughter whom he had met on‚Ä¶ https://t.co/CW3exdNZ4W,38,@CNN
-0.2023,Wed Jun 27 07:32:57 +0000 2018,0.141,0.859,0.0,Trump plots controversial Putin meeting and leaves NATO allies guessing https://t.co/f7d4Kag4nD https://t.co/mOC6nzJyz4,39,@CNN
-0.5423,Wed Jun 27 07:30:11 +0000 2018,0.226,0.774,0.0,"Blast at Texas hospital campus kills at least 1, injures others https://t.co/7K1fKPrQ1O https://t.co/uwjXiSzMNJ",40,@CNN
0.0258,Wed Jun 27 07:16:06 +0000 2018,0.166,0.663,0.171,Facebook has abandoned an ambitious plan to design and produce its own drones. https://t.co/BqNqIN4po3,41,@CNN
0.4939,Wed Jun 27 07:15:08 +0000 2018,0.0,0.802,0.198,Heat-resistant corals in the Middle East could save the world's dying reefs https://t.co/ZVgjqFSSXH https://t.co/Gqu6uqRWGO,42,@CNN
0.0,Wed Jun 27 07:09:04 +0000 2018,0.0,1.0,0.0,"Luxury handbags, jewelry, cash and goods seized from six properties linked to former Malaysian Prime Minister Najib‚Ä¶ https://t.co/sx5qNtjGEu",43,@CNN
0.4019,Wed Jun 27 07:06:46 +0000 2018,0.0,0.856,0.144,"Oklahomans voted in favor of legalizing medicinal marijuana on Tuesday, with 56.8% approving the measure, according‚Ä¶ https://t.co/tDBivnKfjn",44,@CNN
-0.34,Wed Jun 27 07:00:08 +0000 2018,0.167,0.833,0.0,Washington and Silicon Valley aren't working together to combat Russian trolls https://t.co/mitPJu2n91 https://t.co/64TjwRuCwx,45,@CNN
0.0,Wed Jun 27 06:58:06 +0000 2018,0.0,1.0,0.0,"Mars is often referred to as the Red Planet, but pictures from one of NASA's orbiters showed what appeared to be a‚Ä¶ https://t.co/9UNhww49hm",46,@CNN
0.4019,Wed Jun 27 06:53:02 +0000 2018,0.0,0.876,0.124,‚ÄúThis is about the kind of leaders the Democratic Party will have after 2018. In short: Ocasio-Cortez‚Äôs victory is‚Ä¶ https://t.co/OeRlqaAhLQ,47,@CNN
0.7783,Wed Jun 27 06:47:21 +0000 2018,0.0,0.685,0.315,"""I'm real emotional. ... It's still heartbreaking.""
""I was excited. This is another win for America.""

This is how‚Ä¶ https://t.co/3cbGfwpjU3",48,@CNN
0.5574,Wed Jun 27 06:30:13 +0000 2018,0.0,0.816,0.184,Flyers were placed on vehicles outside a sheriff's office. One tested positive for traces of a deadly opioid.‚Ä¶ https://t.co/LKKg0MG8Dh,49,@CNN
0.0,Wed Jun 27 06:24:48 +0000 2018,0.0,1.0,0.0,"Alexandria Ocasio-Cortez, a 28-year-old Latina running her first campaign, ousts 10-term incumbent Rep. Joe Crowley‚Ä¶ https://t.co/ZIvOjBiqVl",50,@CNN
0.0,Wed Jun 27 06:15:04 +0000 2018,0.0,1.0,0.0,Does Nancy Pelosi have the votes? https://t.co/ZZKkCujDNJ | Analysis by Chris Cillizza https://t.co/inaDQy3885,51,@CNN
0.0,Wed Jun 27 06:00:12 +0000 2018,0.0,1.0,0.0,"On the Mexico border, Latino Republicans back President Trump's immigration plans https://t.co/ix0mLBED4R https://t.co/w2q0MaSeND",52,@CNN
0.4215,Wed Jun 27 05:45:00 +0000 2018,0.0,0.811,0.189,"Aston Martin brings back the Superleggera as a powerful new $300,000 supercar https://t.co/9nesdQE6WF https://t.co/keJBrqhdbX",53,@CNN
-0.1906,Wed Jun 27 05:30:06 +0000 2018,0.111,0.821,0.067,"Elaine Chao confronts protestors outside DC event: ""Why don't you leave my husband alone?"" https://t.co/uuQUss9ETs https://t.co/3JjkfVfReu",54,@CNN
0.0,Wed Jun 27 05:15:00 +0000 2018,0.0,1.0,0.0,Trump vs. Harley-Davidson: The president is doing a 180 on the American motorcycle company and claiming it‚Äôs using‚Ä¶ https://t.co/1FZ4XDGUOL,55,@CNN
0.25,Wed Jun 27 05:00:09 +0000 2018,0.159,0.625,0.216,Former government contractor Reality Winner pleads guilty to leaking classified material https://t.co/jAxbv42ADv https://t.co/77kSqMdnww,56,@CNN
0.4754,Wed Jun 27 04:45:00 +0000 2018,0.0,0.853,0.147,"The new $300,000 Aston Martin Superleggera is the most powerful regular production car the company has ever offered‚Ä¶ https://t.co/b7o2jDp8e7",57,@CNN
-0.6249,Wed Jun 27 04:30:08 +0000 2018,0.24,0.76,0.0,Border city mayor pushes back on President Trump's claims of immigration crisis https://t.co/U9M4ISnm0c https://t.co/PQ95lqNok2,58,@CNN
0.34,Wed Jun 27 04:15:00 +0000 2018,0.0,0.888,0.112,"Last year, President Trump welcomed Harley-Davidson into the White House. Now, he says it‚Äôs the ‚Äúbeginning of the e‚Ä¶ https://t.co/XcPYF9x0C3",59,@CNN
0.0,Wed Jun 27 04:11:58 +0000 2018,0.0,1.0,0.0,The court order instructs officials to reunite all children under the age of 5 with their parents within 14 days an‚Ä¶ https://t.co/pABEQSEeU5,60,@CNN
0.0,Wed Jun 27 04:05:06 +0000 2018,0.0,1.0,0.0,JUST IN: A federal judge in California has ordered a halt to most family separations at the US border and the reuni‚Ä¶ https://t.co/Lv1lJDDUAZ,61,@CNN
0.2732,Wed Jun 27 04:00:05 +0000 2018,0.138,0.659,0.204,"Report highlights gender discrimination, lack of female representation in Justice Department https://t.co/v0q73aU7Ny https://t.co/HVTOmwQFI5",62,@CNN
0.0,Wed Jun 27 03:45:00 +0000 2018,0.0,1.0,0.0,GM is bringing back the Chevy Blazer ‚Äî an SUV classic ‚Äî for the first time since 2005 https://t.co/8c76T8c0gI https://t.co/vpt0Pkjn5L,63,@CNN
0.5574,Wed Jun 27 03:30:11 +0000 2018,0.0,0.795,0.205,Does the Supreme Court have a double standard on religion? https://t.co/BWIuRNPLgH | Analysis by Daniel Burke https://t.co/V18GpCK0ff,64,@CNN
0.3612,Wed Jun 27 03:15:00 +0000 2018,0.0,0.884,0.116,"Go inside the KitKat factory in Japan to see how the candy is made, including unconventional flavors like cheesecak‚Ä¶ https://t.co/QqSvvKT5op",65,@CNN
0.296,Wed Jun 27 03:07:06 +0000 2018,0.1,0.737,0.163,House Intelligence Chairman Devin Nunes is demanding new information on Trump campaign and FBI informants‚Ä¶ https://t.co/a1HGdFc06j,66,@CNN
0.0,Wed Jun 27 03:00:11 +0000 2018,0.0,1.0,0.0,Where to see the Aurora Australis in New Zealand https://t.co/rQjJCecrFs https://t.co/XPYFkOxLDL,67,@CNN
-0.3182,Wed Jun 27 02:45:00 +0000 2018,0.113,0.887,0.0,America‚Äôs largest nail plant says it lost 50% of its business after Trump‚Äôs steel tariffs. Mid-Continent Nail Corpo‚Ä¶ https://t.co/8z2BDbV9y7,68,@CNN
0.2732,Wed Jun 27 02:30:04 +0000 2018,0.0,0.89,0.11,"A piece of chewing gum, a bottle of water and new DNA technology may have just solved a teacher's murder‚Ä¶ https://t.co/nHAVSwugXo",69,@CNN
0.3182,Wed Jun 27 02:25:05 +0000 2018,0.0,0.892,0.108,"""This is a huge upset,"" CNN's Harry Enten says. ""Nobody thought that Joe Crowley was going down."" CNN projects 28-y‚Ä¶ https://t.co/SckYl6c5pi",70,@CNN
-0.3818,Wed Jun 27 02:15:00 +0000 2018,0.126,0.874,0.0,China has officially entered a bear market as President Trump plans to restrict Chinese investment in tech. Are inv‚Ä¶ https://t.co/5gWYouahnE,71,@CNN
0.0,Wed Jun 27 02:06:23 +0000 2018,0.0,1.0,0.0,"JUST IN: Democratic socialist Alexandria Ocasio-Cortez ousts Joe Crowley in New York stunner, CNN projects‚Ä¶ https://t.co/2HN1V3rBji",72,@CNN
-0.5859,Wed Jun 27 02:00:13 +0000 2018,0.213,0.787,0.0,Actor Terry Crews tells Senate more men need to talk about sexual assault https://t.co/gBFSjOgXZ6 https://t.co/4ZItgzB6VN,73,@CNN
0.5267,Wed Jun 27 01:45:07 +0000 2018,0.0,0.805,0.195,Justice Kennedy reminds President Trump he is not above the law https://t.co/3MI1qNnZyk (via @CNNOpinion) https://t.co/Qw9pKw5fCm,74,@CNN
0.5719,Wed Jun 27 01:35:07 +0000 2018,0.0,0.791,0.209,"JUST IN: Trump-backed Gov. Henry McMaster wins in South Carolina runoff, CNN projects https://t.co/LWqm7bj7TC https://t.co/OieruRmDT4",75,@CNN
-0.5574,Wed Jun 27 01:30:12 +0000 2018,0.315,0.551,0.134,"After a teen was dragged out of a store and stabbed to death, New Yorkers call for justice https://t.co/Ra5EUj45TV https://t.co/WfNQDa09uN",76,@CNN
0.128,Wed Jun 27 01:15:08 +0000 2018,0.159,0.617,0.225,"These numbers help explain President Trump's travel ban, and how it could play in November https://t.co/1Ndz9oidnS https://t.co/Z3z1qQdKQx",77,@CNN
0.2263,Wed Jun 27 01:00:04 +0000 2018,0.133,0.69,0.177,"The Supreme Court just enabled a network to deceive America's women, writes Ilyse Hogue for @CNNOpinion‚Ä¶ https://t.co/cjb1ZT9uMd",78,@CNN
0.7096,Wed Jun 27 00:45:04 +0000 2018,0.0,0.718,0.282,"It turns out Albert Einstein was pretty smart after all, writes Don Lincoln for @CNNOpinion https://t.co/FKE7WWs2RT https://t.co/Hs6mQs1GA2",79,@CNN
-0.5719,Wed Jun 27 00:36:39 +0000 2018,0.15,0.85,0.0,"RT @AC360: ‚ÄúWho lit the fires of hate and incivility?‚Ä¶ it began with Donald Trump‚Äôs campaign.‚Äù 

Iconic news anchor @DanRather tells @ander‚Ä¶",80,@CNN
-0.802,Wed Jun 27 00:30:07 +0000 2018,0.375,0.625,0.0,"Georgia man gets life in prison for cold case stabbing, dragging death https://t.co/39YyaNmwQD https://t.co/W1GNMQtBOB",81,@CNN
0.0,Wed Jun 27 00:15:02 +0000 2018,0.0,1.0,0.0,"President Trump and his Russian counterpart Vladimir Putin may meet next month in Helsinki, the capital of Finland,‚Ä¶ https://t.co/h6cC72vVyI",82,@CNN
0.4754,Wed Jun 27 00:00:23 +0000 2018,0.0,0.829,0.171,Aston Martin has unveiled the most powerful regular production car the company has ever offered‚Ä¶ https://t.co/1dSgNbOo1Z,83,@CNN
0.0,Tue Jun 26 23:45:04 +0000 2018,0.0,1.0,0.0,The leader of NOAA says climate study remains the agency's priority following reports that it was considering a dra‚Ä¶ https://t.co/yBuhmt3HDM,84,@CNN
0.3818,Tue Jun 26 23:30:38 +0000 2018,0.097,0.746,0.157,"RT @OutFrontCNN: When it comes to defending religious freedom, ‚ÄúI will fight [Trump] in every single way possible,‚Äù Democratic Sen. Cory Bo‚Ä¶",85,@CNN
0.0,Tue Jun 26 23:30:07 +0000 2018,0.0,1.0,0.0,White House press secretary Sarah Sanders is expected to receive Secret Service protection. The move comes after sh‚Ä¶ https://t.co/ADrjgwrp2k,86,@CNN
0.6115,Tue Jun 26 23:15:53 +0000 2018,0.0,0.715,0.285,Uber wins the right to keep operating in London https://t.co/DfiaLiHddx https://t.co/29ZDsRkw0n,87,@CNN
-0.0572,Tue Jun 26 23:04:36 +0000 2018,0.075,0.925,0.0,"Democrats are wary of public shaming: ""I don't want red restaurants and blue restaurants""
https://t.co/qUe5XP5M1r https://t.co/OuDAAstdCG",88,@CNN
-0.3182,Tue Jun 26 22:53:26 +0000 2018,0.133,0.867,0.0,"North Korea's on Trump's travel ban list, but that's not likely to disrupt diplomacy https://t.co/Nb8COVHdAw https://t.co/QeNX4pW1ky",89,@CNN
-0.3612,Tue Jun 26 22:41:11 +0000 2018,0.111,0.889,0.0,Congressional Budget Office projects federal debt could rise to a historic 152% of GDP by 2048 -- the highest in US‚Ä¶ https://t.co/MbvO5UpYtD,90,@CNN
-0.2263,Tue Jun 26 22:29:04 +0000 2018,0.112,0.888,0.0,"""What happened to us should never happen again"": Japanese-American protesters weigh in on travel ruling‚Ä¶ https://t.co/2mArXDNfQO",91,@CNN
0.0,Tue Jun 26 22:17:24 +0000 2018,0.0,1.0,0.0,"A large streak of ""blue"" was found on the Mars 
https://t.co/O73TiS0GA2 https://t.co/7TKMLBCRar",92,@CNN
0.9217,Tue Jun 26 22:05:54 +0000 2018,0.0,0.515,0.485,"President Trump awarded a posthumous Medal of Honor to a member of the greatest generation, then-1st Lt. Garlin Mur‚Ä¶ https://t.co/nmpFBn7ikn",93,@CNN
-0.7717,Tue Jun 26 21:53:53 +0000 2018,0.325,0.675,0.0,"At least 19 people were shot Monday in Chicago, where police for months have touted declining gun violence https://t.co/FRQJ8bL7Py",94,@CNN
-0.5574,Tue Jun 26 21:41:34 +0000 2018,0.184,0.816,0.0,"If you're coming to the US, this is how the travel ban could affect you https://t.co/htB3U0iPEB https://t.co/UeCDHS8p2o",95,@CNN
0.0,Tue Jun 26 21:29:10 +0000 2018,0.0,1.0,0.0,Melania Trump is set for a second trip to immigration facilities https://t.co/4wD0DVYMeS https://t.co/52W3JY322t,96,@CNN
-0.802,Tue Jun 26 21:17:25 +0000 2018,0.325,0.675,0.0,"After finding a gun in a sofa at IKEA, a child fired the loaded weapon in the store, prompting an investigation of‚Ä¶ https://t.co/4AEKCwDNLT",97,@CNN
-0.5574,Tue Jun 26 21:06:17 +0000 2018,0.153,0.847,0.0,Uber's Middle East rival is recruiting Saudi women to take the wheel after a female driving ban was lifted on Sunday https://t.co/Z306TrKnbk,98,@CNN
0.0772,Tue Jun 26 20:55:01 +0000 2018,0.152,0.681,0.168,Mitt Romney is running for Senate as a friend and foe of President Trump https://t.co/5dDiCsmJ6B https://t.co/I7Z2Bp5BHp,99,@CNN
0.0772,Wed Jun 27 15:58:05 +0000 2018,0.0,0.885,0.115,"Gorsuch, in union ruling, tips scales on another landmark case https://t.co/KzeM0c2x9E",0,@FoxNews
-0.6486,Wed Jun 27 15:54:00 +0000 2018,0.223,0.777,0.0,"JUST IN: Joe Jackson, patriarch of the Jackson family music group, dead at 89 https://t.co/VCNaaXSr7k https://t.co/mZL23DeBAq",1,@FoxNews
-0.4215,Wed Jun 27 15:33:12 +0000 2018,0.128,0.872,0.0,"Firefighters in Charlotte, North Carolina, came to the aid of a family struggling to fill up a kid‚Äôs pool with pots‚Ä¶ https://t.co/jUCC3s7E3n",2,@FoxNews
0.7184,Wed Jun 27 15:26:17 +0000 2018,0.0,0.6,0.4,Dying man's final wish to find homes for beloved dogs https://t.co/QfBr9iNdyI,3,@FoxNews
0.3595,Wed Jun 27 15:20:10 +0000 2018,0.0,0.889,0.111,"""OBJECTified"" is back! Iconic rock stars, reality TV mavericks, and some of the biggest names in the world share th‚Ä¶ https://t.co/oYaSAzodbs",4,@FoxNews
-0.4215,Wed Jun 27 15:18:51 +0000 2018,0.189,0.811,0.0,Photo captures moment toddler's leg broke while on slide with mom https://t.co/BmNlQA8Jkr https://t.co/dTn5vhZoVL,5,@FoxNews
0.0,Wed Jun 27 15:13:44 +0000 2018,0.0,1.0,0.0,"RT @FoxBusiness: Mark Janus to @Varneyco: ""I think it gives the individual worker in a public sector entity the right to make their own dec‚Ä¶",6,@FoxNews
0.0,Wed Jun 27 15:13:40 +0000 2018,0.0,1.0,0.0,"RT @FoxBusiness: Mark Janus, plaintiff to @Varneyco: ""We've now got 5 million workers, government, private sector workers, that now can mak‚Ä¶",7,@FoxNews
0.0772,Wed Jun 27 15:13:30 +0000 2018,0.0,0.942,0.058,"RT @FoxBusiness: Mark Janus, plaintiff: ""It's up to the worker to decide what they want for themselves not some larger entity."" https://t.c‚Ä¶",8,@FoxNews
0.5859,Wed Jun 27 15:10:00 +0000 2018,0.0,0.703,0.297,.@Marcshort45: ‚ÄúI think it‚Äôs a big win for American workers.‚Äù https://t.co/ZbhLLKzmrI,9,@FoxNews
0.4019,Wed Jun 27 15:03:13 +0000 2018,0.0,0.787,0.213,".@Judgenap: SCOTUS Deals 'Catastrophic' Blow to Labor Unions, Democratic Party https://t.co/uKJrFo8Pq9",10,@FoxNews
0.3182,Wed Jun 27 15:00:42 +0000 2018,0.0,0.909,0.091,"RT @FoxBusiness: Mark Janus, plaintiff: ""It's just that the worker now has the ability to make his now decision or her decision and that's‚Ä¶",11,@FoxNews
0.0,Wed Jun 27 15:00:37 +0000 2018,0.0,1.0,0.0,"RT @FoxBusiness: Mark Janus, plaintiff: ""We now have 5 million public sector non-union members that can make their own choices to whether t‚Ä¶",12,@FoxNews
0.8126,Wed Jun 27 14:47:00 +0000 2018,0.0,0.619,0.381,OPINION: Supreme Court‚Äôs Janus decision is a win for government workers (and all Americans) https://t.co/kvT1YY5SkG,13,@FoxNews
0.5574,Wed Jun 27 14:44:15 +0000 2018,0.0,0.816,0.184,"Moments ago, President @realDonaldTrump tweeted about the Supreme Court dealing a blow to unions by ruling against‚Ä¶ https://t.co/nX1AayUTx7",14,@FoxNews
0.5994,Wed Jun 27 14:41:45 +0000 2018,0.0,0.71,0.29,.@Judgenap on Supreme Court issuing decision on mandatory dues for public unions https://t.co/cfjogX58eO https://t.co/0JZxlk62Wr,15,@FoxNews
0.891,Wed Jun 27 14:35:57 +0000 2018,0.0,0.528,0.472,"OPINION: Teacher: In Janus ruling, Supreme Court restores free speech rights to public workers like me https://t.co/Iw4TlSmeDi",16,@FoxNews
0.839,Wed Jun 27 14:25:48 +0000 2018,0.0,0.572,0.428,"Andrew McCarthy: ""It potentially dries up a very rich well of support mainly for Democrats.""‚Ä¶ https://t.co/V3Ob3SQrU5",17,@FoxNews
0.5232,Wed Jun 27 14:12:08 +0000 2018,0.054,0.789,0.158,"U.S. Supreme Court deals blow to labor unions, ruling 5-4 that public sector unions may not collect mandatory fees‚Ä¶ https://t.co/YoblwcuKku",18,@FoxNews
0.5574,Wed Jun 27 14:10:21 +0000 2018,0.0,0.841,0.159,"BREAKING NEWS: U.S. Supreme Court deals blow to labor unions, ruling 5-4 that public sector unions may not collect‚Ä¶ https://t.co/431Ffmlo3E",19,@FoxNews
0.5994,Wed Jun 27 14:02:12 +0000 2018,0.0,0.71,0.29,Supreme Court to give decision on mandatory fees to unions case @AmericaNewsroom @ShannonBream https://t.co/Rt7TXzKEwQ,20,@FoxNews
0.6249,Wed Jun 27 13:54:14 +0000 2018,0.0,0.823,0.177,.@RepGoodlatte: ‚ÄúPeter Strzok is at the center of a great deal of controversy with regard to the Federal Buraeu of‚Ä¶ https://t.co/aeDa7wH07o,21,@FoxNews
0.4019,Wed Jun 27 13:52:14 +0000 2018,0.0,0.748,0.252,Active volcanic heat found under Pine Island Glacier https://t.co/87pFyHdB95,22,@FoxNews
0.0,Wed Jun 27 13:49:26 +0000 2018,0.0,1.0,0.0,Strzok arrives for closed-door interview https://t.co/DnJr16oPNG @AmericaNewsroom https://t.co/Cnec6YdavH,23,@FoxNews
0.0,Wed Jun 27 13:40:57 +0000 2018,0.0,1.0,0.0,Federal judge orders end of family separations at U.S. border https://t.co/Sx5SrCnkCh @AmericaNewsroom https://t.co/zqHVRVLe7Z,24,@FoxNews
0.0,Wed Jun 27 13:33:44 +0000 2018,0.0,1.0,0.0,Bolton in Moscow to work out details of possible Trump-Putin summit @AmericaNewsroom https://t.co/qbRVqVQLoF,25,@FoxNews
0.5574,Wed Jun 27 13:31:47 +0000 2018,0.0,0.66,0.34,Awaiting Supreme Court ruling on unions @AmericaNewsroom https://t.co/tJu4BOYA2U,26,@FoxNews
0.0,Wed Jun 27 13:29:27 +0000 2018,0.0,1.0,0.0,Who is Alexandria Ocasio-Cortez? 5 things to know about the New York congressional candidate https://t.co/bgoXxqEFxh,27,@FoxNews
0.34,Wed Jun 27 13:24:35 +0000 2018,0.0,0.806,0.194,.@marcorubio: ‚ÄúWe have to have security. We‚Äôre a sovereign nation.‚Äù @foxandfriends https://t.co/uAfB5vc30e,28,@FoxNews
0.0,Wed Jun 27 13:19:34 +0000 2018,0.0,1.0,0.0,Couple gets 'parking ticket' at their own wedding https://t.co/4LyRONckWc,29,@FoxNews
0.5859,Wed Jun 27 12:40:32 +0000 2018,0.0,0.808,0.192,.@KellyannePolls: ‚ÄúLast night the big winner of all of the contests was President Donald J. Trump.‚Äù https://t.co/qPMbw4OU9L,30,@FoxNews
0.1531,Wed Jun 27 12:32:17 +0000 2018,0.133,0.696,0.171,Trump sarcastically congratulates Maxine Waters for becoming 'unhinged FACE' of Dem Party https://t.co/hxLxLe7tWl,31,@FoxNews
0.0,Wed Jun 27 12:20:14 +0000 2018,0.0,1.0,0.0,Senator Hatch Remembers Charles Krauthammer @foxandfriends https://t.co/QWtHBMpFin,32,@FoxNews
0.34,Wed Jun 27 12:15:00 +0000 2018,0.0,0.844,0.156,".@SteveScalise on @foxandfriends: ‚ÄúYou have a president who wants to actually secure America‚Äôs border."" https://t.co/a4RVbUDEIk",33,@FoxNews
0.3818,Wed Jun 27 12:10:00 +0000 2018,0.0,0.86,0.14,.@SteveScalise on @foxandfriends: ‚ÄúThis bill is even stronger than the last bill at building the wall.‚Äù https://t.co/JrJWbU3NN9,34,@FoxNews
-0.6908,Wed Jun 27 12:02:28 +0000 2018,0.341,0.659,0.0,JUST IN: Pennsylvania police officer charged in shooting death of Antwon Rose https://t.co/UeuJ7mBcjs,35,@FoxNews
0.0,Wed Jun 27 12:01:40 +0000 2018,0.0,1.0,0.0,Photo of the Day: The sun sets after a heavy thunderstorm hit Kazan during the 2018 World Cup in Russia. https://t.co/uRkKPLiaYW,36,@FoxNews
0.0,Wed Jun 27 11:56:44 +0000 2018,0.0,1.0,0.0,Congress to vote on immigration today @foxandfriends https://t.co/UchRcZ1zLl,37,@FoxNews
-0.6249,Wed Jun 27 11:54:02 +0000 2018,0.254,0.746,0.0,.@michellemalkin: ‚ÄúWhere are the Democrat leaders to condemn the disruption of the ordinary business of processing‚Ä¶ https://t.co/jK1AxlqcEb,38,@FoxNews
0.4215,Wed Jun 27 11:37:43 +0000 2018,0.0,0.588,0.412,.@NickFoles on his faith https://t.co/VIHHoyZe77,39,@FoxNews
0.0,Wed Jun 27 11:12:51 +0000 2018,0.0,1.0,0.0,OPINION: Do we have to erase the name of Laura Ingalls Wilder to ‚Äòfix‚Äô history? And who will be next? https://t.co/q6iaIQeuEB,40,@FoxNews
-0.3182,Wed Jun 27 10:54:03 +0000 2018,0.168,0.733,0.099,"Veteran's small business is gifted $15,000 worth of lawn equipment after his gear is stolen https://t.co/xwWUPZa6ht",41,@FoxNews
-0.0772,Wed Jun 27 10:38:43 +0000 2018,0.126,0.874,0.0,Deputy exposed to fentanyl via flyer placed on vehicle https://t.co/hC6meqRp8Z,42,@FoxNews
0.7003,Wed Jun 27 10:37:15 +0000 2018,0.092,0.651,0.257,.@RochelleRitchie: ‚ÄúI think one of the problems in this country right now is that freedom of speech is only free wh‚Ä¶ https://t.co/w9ct7gAHsg,43,@FoxNews
0.0,Wed Jun 27 10:27:24 +0000 2018,0.0,1.0,0.0,Oklahoma voters approve medical marijuana despite opposition https://t.co/NrDDHZL2AU https://t.co/ZHo7S0UF36,44,@FoxNews
0.0,Wed Jun 27 10:24:48 +0000 2018,0.0,1.0,0.0,Peter Strzok heading to Hill for closed-door interview with House lawmakers https://t.co/y0XLCSy2Ii,45,@FoxNews
0.4767,Wed Jun 27 10:00:18 +0000 2018,0.0,0.871,0.129,".@Judgenap: ""The reason it‚Äôs upheld is not because the court finds that it‚Äôs wise or prudent, or the right policy o‚Ä¶ https://t.co/X5xTJudbnf",46,@FoxNews
0.0,Wed Jun 27 09:55:32 +0000 2018,0.0,1.0,0.0,Secret Service to Start Protecting Sarah Sanders https://t.co/gB6uhPLaY7,47,@FoxNews
0.0,Wed Jun 27 09:40:56 +0000 2018,0.0,1.0,0.0,Maxine Waters' GOP rival seeks traction over her inflammatory comments https://t.co/3GKgxo4SQK,48,@FoxNews
-0.3182,Wed Jun 27 09:31:51 +0000 2018,0.141,0.859,0.0,Red Hen owner resigns from Virginia business group after booting Sarah Sanders from restaurant https://t.co/OwMNIkmcqB,49,@FoxNews
0.5994,Wed Jun 27 09:29:33 +0000 2018,0.0,0.647,0.353,"Alexandria Ocasio-Cortez win stuns Democrats, puts new attention on Pelosi https://t.co/Ih7eCRrfOn",50,@FoxNews
0.0,Wed Jun 27 09:25:37 +0000 2018,0.0,1.0,0.0,.@TomFitton: ‚ÄúWe took her statement and sent it along to the House Ethics Committee.‚Äù https://t.co/eCj9tdsgqh,51,@FoxNews
-0.7506,Wed Jun 27 09:15:00 +0000 2018,0.286,0.714,0.0,Jerry Seinfeld wants ABC to replace Roseanne in 'The Conners': 'I hate to see a comic lose a job' https://t.co/KBu99maYUk,52,@FoxNews
0.4019,Wed Jun 27 09:12:47 +0000 2018,0.0,0.803,0.197,".@IvankaTrump donates $50,000 to Texas megachurch to help migrant children: pastor https://t.co/tyyRCbApSn",53,@FoxNews
0.0,Wed Jun 27 09:10:48 +0000 2018,0.0,1.0,0.0,Confirmation hearing for VA nominee Wilkie today https://t.co/EREOdhzrYB,54,@FoxNews
0.0,Wed Jun 27 09:08:00 +0000 2018,0.0,1.0,0.0,"Meghan Markle's dad slams Queen Elizabeth, Trump, says he's been shunned since tell-all interview https://t.co/BIs1M0r1b0",55,@FoxNews
0.8316,Wed Jun 27 09:00:01 +0000 2018,0.0,0.625,0.375,".@mercedesschlapp: ""One of [President @realDonaldTrump's] greatest legacies will be this appointment of Supreme Cou‚Ä¶ https://t.co/JgqYZS2jUz",56,@FoxNews
0.0,Wed Jun 27 08:53:00 +0000 2018,0.0,1.0,0.0,"Two Detroit @Tigers stars and Cuba natives, Leonys Martin and Jose Iglesias, were among a group of people who were‚Ä¶ https://t.co/Qj9zYnWedz",57,@FoxNews
-0.7351,Wed Jun 27 08:45:00 +0000 2018,0.237,0.763,0.0,"@TheJuanWilliams: ""I do think that we are out of control in terms of the mockery, the bullying, the kind of attitud‚Ä¶ https://t.co/EoyUwRjeoR",58,@FoxNews
-0.4767,Wed Jun 27 08:38:00 +0000 2018,0.325,0.533,0.142,"JetBlue plane loses communication on JFK Airport tarmac, triggering security scare https://t.co/gbloPCrp1k",59,@FoxNews
0.7351,Wed Jun 27 08:30:00 +0000 2018,0.0,0.617,0.383,Good Samaritans rescue 6 people from boat burning in Fort Lauderdale https://t.co/ZuSPUTGawe https://t.co/nZSUv4mUJZ,60,@FoxNews
0.0,Wed Jun 27 08:23:00 +0000 2018,0.0,1.0,0.0,"On #TheStory, @RepAndyBiggsAZ said that while he is ‚Äúall for passion‚Äù and ‚Äúcommitment to your principles and debate‚Ä¶ https://t.co/ebbsnacoMl",61,@FoxNews
0.9118,Wed Jun 27 08:15:00 +0000 2018,0.0,0.594,0.406,".@mercedesschlapp: ""It has been an amazing over 500 days of what I would say, American great success, when it comes‚Ä¶ https://t.co/HmHeaBQYCy",62,@FoxNews
-0.7579,Wed Jun 27 08:08:00 +0000 2018,0.419,0.581,0.0,".@McDonalds employees, customer caught on camera in violent food fight https://t.co/LyS3tVMtSl",63,@FoxNews
0.743,Wed Jun 27 08:00:00 +0000 2018,0.0,0.741,0.259,".@POTUS on Medal of Honor recipient Garlin Murl Conner: ""As bullets flew all around him, Lt. Conner directed artill‚Ä¶ https://t.co/UC6P3HyGE2",64,@FoxNews
-0.7579,Wed Jun 27 07:53:00 +0000 2018,0.371,0.629,0.0,Pair charged with witness tampering in connection with St. Louis murder case https://t.co/gK08Jw66Di,65,@FoxNews
0.0,Wed Jun 27 07:45:00 +0000 2018,0.0,1.0,0.0,.@RepTimRyan: ‚ÄúI think it‚Äôs inappropriate for any of us to condone any kind of political harassment.‚Äù https://t.co/YZFTyAEmW8,66,@FoxNews
0.0,Wed Jun 27 07:38:00 +0000 2018,0.0,1.0,0.0,"Britain's Queen Elizabeth, Prince Harry and Meghan, Duchess of Sussex, pose for a group photo at the Queen's Young‚Ä¶ https://t.co/m1d1874b8b",67,@FoxNews
0.0,Wed Jun 27 07:30:00 +0000 2018,0.0,1.0,0.0,".@LindseyGrahamSC: ""The person in charge of the #Clinton email investigation, Mr. Strzok, and Ms. Page were in the‚Ä¶ https://t.co/jkewOLSJ9V",68,@FoxNews
-0.3182,Wed Jun 27 07:23:00 +0000 2018,0.161,0.839,0.0,"Deaths, dumping of nearly 100 baby hammerhead sharks being investigated in Hawaii https://t.co/rJiTEsHsca",69,@FoxNews
0.0,Wed Jun 27 07:15:00 +0000 2018,0.0,1.0,0.0,"Senator @ChrisCoons: ""It's a little bit harder to throw a punch at someone on the floor if you start the day holdin‚Ä¶ https://t.co/zWzdDZ5tZ1",70,@FoxNews
0.0,Wed Jun 27 07:08:00 +0000 2018,0.0,1.0,0.0,"CAN I GET A RIDE?: One alligator hitched a ride home from police after wandering away from a lake in Brandon, Flori‚Ä¶ https://t.co/yZZYt7ApHu",71,@FoxNews
0.4767,Wed Jun 27 07:00:00 +0000 2018,0.0,0.86,0.14,.@RepDeSantis: ‚ÄúI‚Äôm proud to be leading an effort with a few of my colleagues to censure her in the House.‚Äù‚Ä¶ https://t.co/V78pfCKbIt,72,@FoxNews
0.4019,Wed Jun 27 06:57:33 +0000 2018,0.0,0.778,0.222,'Fixer Upper' star Chip Gaines jokes family is growing days after Joanna gives birth https://t.co/1LytXVOwoR,73,@FoxNews
-0.765,Wed Jun 27 06:53:00 +0000 2018,0.321,0.586,0.093,"""TEACHER TO THE END"": Georgia teacher Tammy Waddell recently lost her battle with cancer. Her final wish was that l‚Ä¶ https://t.co/s0xFfeJ0uc",74,@FoxNews
-0.5574,Wed Jun 27 06:45:00 +0000 2018,0.175,0.825,0.0,".@MorriseyWV on travel ban: ""This is the right decision. President @realDonaldTrump has stood up for national secur‚Ä¶ https://t.co/gDT21N4xec",75,@FoxNews
-0.4588,Wed Jun 27 06:38:00 +0000 2018,0.2,0.8,0.0,Woman forced ex to have sex holding machete to his face: cops https://t.co/wjuaWvjfI1,76,@FoxNews
0.743,Wed Jun 27 06:30:00 +0000 2018,0.0,0.717,0.283,".@POTUS presents the Medal of Honor to Pauline Conner, widow of 1st Lt. Garlin Murl Conner. https://t.co/wQVVkvFl3B https://t.co/kyBcHSY4zv",77,@FoxNews
-0.34,Wed Jun 27 06:23:00 +0000 2018,0.112,0.888,0.0,Firefighters salute as a van carrying the body of Long Beach Fire Capt. Dave Rosa passes them during a procession o‚Ä¶ https://t.co/XWD2xsbPHt,78,@FoxNews
-0.5423,Wed Jun 27 06:15:00 +0000 2018,0.179,0.821,0.0,‚ÄúTHAT‚ÄôS A STRAIGHT-UP FELONY‚Äù: Police in Anchorage are looking for Alaska‚Äôs most wanted critter. The crime? A squir‚Ä¶ https://t.co/L0UI53PvWb,79,@FoxNews
-0.1531,Wed Jun 27 06:08:01 +0000 2018,0.18,0.67,0.149,"OPINION: Primaries bring good news for #Trump and Republicans, bad news for divided Democrats https://t.co/kmvDK2uIau",80,@FoxNews
0.2263,Wed Jun 27 06:00:00 +0000 2018,0.0,0.917,0.083,".@NickFoles: ""I know when I'm going through [a] trial, God's always trying to teach me something and allow me to gr‚Ä¶ https://t.co/YIPET4WGdV",81,@FoxNews
0.5574,Wed Jun 27 05:53:00 +0000 2018,0.0,0.825,0.175,"At a meeting with members of Congress, @POTUS talked about the Supreme Court ruling upholding the travel ban.‚Ä¶ https://t.co/tw9drpSfGn",82,@FoxNews
-0.3818,Wed Jun 27 05:45:00 +0000 2018,0.133,0.867,0.0,".@LindseyGrahamSC: ""I think @JohnBrennan has shown a dislike for the president that questions whether or not he act‚Ä¶ https://t.co/aA8eQ0QEgx",83,@FoxNews
-0.9169,Wed Jun 27 05:38:00 +0000 2018,0.569,0.431,0.0,"Graphic novelist gets life in prison for torture, murder of fianc√©e https://t.co/Id1bdtKTMX",84,@FoxNews
0.6705,Wed Jun 27 05:30:00 +0000 2018,0.0,0.744,0.256,.@AntonioSabatoJr: ‚ÄúI was blacklisted‚Ä¶ because of my attachment to the president and my appreciation of the preside‚Ä¶ https://t.co/tjXAia4lGt,85,@FoxNews
0.9382,Wed Jun 27 05:23:00 +0000 2018,0.0,0.415,0.585,"Pauline Conner accepts the Medal of Honor from President @realDonaldTrump, honoring a remarkable moment of heroism‚Ä¶ https://t.co/vQoAjDvE4V",86,@FoxNews
-0.4404,Wed Jun 27 05:15:00 +0000 2018,0.172,0.828,0.0,"Joe diGenova: ""James @Comey was a dirty cop and Mr. Strzok is dirtier."" #Hannity https://t.co/DnJr16GqFe https://t.co/pLJYGizsPF",87,@FoxNews
-0.1779,Wed Jun 27 05:08:00 +0000 2018,0.21,0.615,0.174,OPINION: @TomFitton: Maxine Waters should be investigated for encouraging violence against Trump officials https://t.co/JrhylQc95p,88,@FoxNews
0.0,Wed Jun 27 05:00:00 +0000 2018,0.0,1.0,0.0,.@POTUS: ‚ÄúWe‚Äôve started the wall.‚Äù https://t.co/RCxRvKM0KC,89,@FoxNews
-0.4404,Wed Jun 27 04:53:00 +0000 2018,0.302,0.698,0.0,Activist group cancels 'die-in' protest scheduled at Walt Disney World https://t.co/OGYfGY1chB,90,@FoxNews
0.0,Wed Jun 27 04:47:48 +0000 2018,0.0,1.0,0.0,JUST IN: Federal judge orders end of family separations at US border https://t.co/B1BTbtpKzh,91,@FoxNews
0.5622,Wed Jun 27 04:45:00 +0000 2018,0.0,0.824,0.176,"GOOD DOG: Poncho, a valiant police dog in Spain, showed off its first-responder skills by apparently performing CPR‚Ä¶ https://t.co/Kw4V0ST126",92,@FoxNews
0.4215,Wed Jun 27 04:37:25 +0000 2018,0.0,0.851,0.149,An @ORStatePolice sergeant rescued a wounded female eagle over the weekend before transporting it in a police cruis‚Ä¶ https://t.co/6OkASqEoWv,93,@FoxNews
0.3612,Wed Jun 27 04:30:00 +0000 2018,0.0,0.889,0.111,".@AndrewCMcCarthy: ""With Hillary, it looks like they bent over backwards to not make the case in the face of mounta‚Ä¶ https://t.co/pR7ai45fXb",94,@FoxNews
0.4588,Wed Jun 27 04:23:00 +0000 2018,0.0,0.769,0.231,"'Sarah Sanders welcome any time,' NY restaurant's sign says https://t.co/4GElnaQGVH https://t.co/mq0XiGKJRT",95,@FoxNews
0.1531,Wed Jun 27 04:15:00 +0000 2018,0.0,0.89,0.11,.@POTUS: ‚ÄúI want people to come into our country because our country is doing so well‚Ä¶ We need workers. So I want p‚Ä¶ https://t.co/KxesqWz9SI,96,@FoxNews
-0.296,Wed Jun 27 04:08:00 +0000 2018,0.196,0.804,0.0,Republican lawmaker introduces motion asking for Maxine Waters' resignation https://t.co/cScJNqN0mq,97,@FoxNews
0.0,Wed Jun 27 04:01:00 +0000 2018,0.0,1.0,0.0,"'The Red Hen' restaurant that kicked out @PressSec Sarah Sanders on Friday will remain closed until next week, and‚Ä¶ https://t.co/JYdZAfB7VS",98,@FoxNews
-0.25,Wed Jun 27 03:55:00 +0000 2018,0.125,0.875,0.0,"OPINION: The 2018 primaries: Is the 'big, blue wave' a big reality or a big dud? https://t.co/PF400ykBaQ",99,@FoxNews
-0.1779,Wed Jun 27 15:58:45 +0000 2018,0.204,0.655,0.142,"Germany, the defending World Cup champion, lost to South Korea and failed to advance out of the group stage. Mexico‚Ä¶ https://t.co/ath6QUMX4R",0,@NYTimes
0.5994,Wed Jun 27 15:56:33 +0000 2018,0.0,0.843,0.157,"Video review has come to the World Cup, and it probably just knocked the defending champion Germany out of the tour‚Ä¶ https://t.co/Jl9sDRbvIG",1,@NYTimes
-0.5423,Wed Jun 27 15:53:06 +0000 2018,0.235,0.667,0.098,RT @nytopinion: Does Donald Trump fear foreigners invading America like he fears germs contaminating his body? Watch Episode 3 of @realtrum‚Ä¶,2,@NYTimes
0.0,Wed Jun 27 15:49:03 +0000 2018,0.0,1.0,0.0,Because Slack is down and you might have to actually talk to your coworkers ¬Ø\_(„ÉÑ)_/¬Ø https://t.co/W52HIDHdEf,3,@NYTimes
-0.8271,Wed Jun 27 15:43:02 +0000 2018,0.401,0.599,0.0,A police officer was charged with criminal homicide in the fatal shooting of teenager Antwon Rose  https://t.co/0qvGG0RSQ4,4,@NYTimes
0.0,Wed Jun 27 15:33:04 +0000 2018,0.0,1.0,0.0,RT @randyNYT: Notice the accent marks on Mexico's World Cup jerseys? A New York Times editor @apchavira did that: https://t.co/7169yQMwqw,5,@NYTimes
-0.1406,Wed Jun 27 15:23:06 +0000 2018,0.126,0.771,0.103,"Germany probably advances in the World Cup with a win, but might not, and probably doesn‚Äôt advance with a loss, but‚Ä¶ https://t.co/jAi6tGii3T",6,@NYTimes
0.3182,Wed Jun 27 15:13:03 +0000 2018,0.0,0.892,0.108,"RT @HannaIngber: Our politics editor, @patrickhealynyt, is inviting readers to ask him questions about how we're covering the midterms. Ple‚Ä¶",7,@NYTimes
-0.4019,Wed Jun 27 15:03:06 +0000 2018,0.137,0.863,0.0,Russia demonstrated that one response to fielding an unwelcome question is to ask a different question. And another‚Ä¶ https://t.co/uaabtuxMS1,8,@NYTimes
-0.2204,Wed Jun 27 14:58:26 +0000 2018,0.075,0.925,0.0,"RT @mattfleg: Was just going back through some notes from our chat w/ @Ocasio2018 many weeks ago. This stood out: ""There‚Äôs this weird mascu‚Ä¶",9,@NYTimes
-0.714,Wed Jun 27 14:43:02 +0000 2018,0.218,0.727,0.055,"""The violent act of a fan is sad,"" she wrote, but what is even worse, she added, is the reaction of those who do no‚Ä¶ https://t.co/FYiFx0HKyj",10,@NYTimes
0.4215,Wed Jun 27 14:33:06 +0000 2018,0.0,0.865,0.135,Mexico and Sweden are hoping to clinch advancement to the second round of World Cup. Chicharito (Javier Hernandez)‚Ä¶ https://t.co/gad8LqyAW5,11,@NYTimes
-0.4404,Wed Jun 27 14:23:04 +0000 2018,0.149,0.791,0.06,"RT @mwolgelenter: ‚ÄúThe enemies of a meat-based diet want to consign humanity to grains.‚Äù @alissanyt, on French butchers seeking protection‚Ä¶",12,@NYTimes
0.5574,Wed Jun 27 14:13:14 +0000 2018,0.0,0.841,0.159,"Breaking News: The Supreme Court dealt a major blow to labor unions, ruling 5-4 that government workers can‚Äôt be re‚Ä¶ https://t.co/Iyqs5AYU82",13,@NYTimes
0.0,Wed Jun 27 14:00:05 +0000 2018,0.0,1.0,0.0,"RT @fstockman: A primer for what happened last night in NY. ‚ÄòYes, I‚Äôm Running as a #Socialist.‚Äô Why Candidates Are Embracing the Label in 2‚Ä¶",14,@NYTimes
0.4201,Wed Jun 27 13:45:07 +0000 2018,0.0,0.896,0.104,"RT @NYTSports: The Mexican player known as ""Chucky"" has been a nightmare for opponents at the World Cup. And there may be more like him on‚Ä¶",15,@NYTimes
0.0,Wed Jun 27 13:31:02 +0000 2018,0.0,1.0,0.0,The murals started appearing quietly in Paris last week. Now they're confirmed as the work of Banksy ‚Äî and the race‚Ä¶ https://t.co/eZoGJjSDeq,16,@NYTimes
-0.2023,Wed Jun 27 13:21:06 +0000 2018,0.155,0.727,0.118,The search for a dozen boys and their soccer coach trapped in a flooded cave complex has captivated Thailand https://t.co/1LQB1CFzM0,17,@NYTimes
0.0,Wed Jun 27 13:10:41 +0000 2018,0.0,1.0,0.0,"A year and a half after a New York Times correspondent was kicked out of Venezuela, he returned to see how people a‚Ä¶ https://t.co/HtNogoyDhd",18,@NYTimes
0.0,Wed Jun 27 13:00:19 +0000 2018,0.0,1.0,0.0,Morning¬†Briefing: Here's what you need to know to start your day https://t.co/EfR5ZryQxl https://t.co/zqewCJApCz,19,@NYTimes
-0.6597,Wed Jun 27 12:44:03 +0000 2018,0.188,0.812,0.0,"A shooting in which a woman gunned down four of her relatives, killing two, has rattled Hong Kong, a city where suc‚Ä¶ https://t.co/xaDP4Jo42X",20,@NYTimes
-0.0516,Wed Jun 27 12:30:04 +0000 2018,0.138,0.734,0.128,"President Trump has chosen a more moderate approach to limit Chinese investments in the United States, rejecting mo‚Ä¶ https://t.co/K423hIY9vc",21,@NYTimes
-0.4588,Wed Jun 27 12:16:06 +0000 2018,0.136,0.864,0.0,"""The unfortunate reality is that under the present system, migrant children are not accounted for with the same eff‚Ä¶ https://t.co/bx2vRTeyEn",22,@NYTimes
0.3612,Wed Jun 27 11:50:04 +0000 2018,0.0,0.828,0.172,A political revolution ‚Äî or something like it ‚Äî just rippled through New York City https://t.co/Y0F0wPNONI,23,@NYTimes
0.5574,Wed Jun 27 11:41:06 +0000 2018,0.0,0.825,0.175,The Korematsu ruling was an exceedingly rare modern example in which the Supreme Court explicitly upheld government‚Ä¶ https://t.co/yUWSZBmg3Y,24,@NYTimes
-0.5574,Wed Jun 27 11:30:03 +0000 2018,0.329,0.461,0.211,"Justice Sonia Sotomayor condemned the travel ban as ""harrowing"" and ""motivated by hostility and animus toward the M‚Ä¶ https://t.co/JqxzB2lrOo",25,@NYTimes
-0.5574,Wed Jun 27 11:20:03 +0000 2018,0.194,0.806,0.0,RT @nytgraphics: Charts illustrating some of the effects of Trump's travel ban so far:  https://t.co/6a3wAmRUPn https://t.co/eqWjGnfI8r,26,@NYTimes
0.3182,Wed Jun 27 11:11:07 +0000 2018,0.147,0.612,0.241,What the Supreme Court's endorsement of the travel ban says about the extent of the president's power https://t.co/jsDBQuSBQD,27,@NYTimes
-0.3447,Wed Jun 27 11:00:06 +0000 2018,0.328,0.672,0.0,"Fact check: No, Democrats don't want ""open borders"" https://t.co/91CrZV9ahM",28,@NYTimes
0.0,Wed Jun 27 10:44:06 +0000 2018,0.0,1.0,0.0,Results for elections in 7 states https://t.co/MAme5UnNmP https://t.co/sXLPiAvuny,29,@NYTimes
0.0,Wed Jun 27 10:30:12 +0000 2018,0.0,1.0,0.0,"""I knew that it was long odds, and I knew that it was uphill, but I always knew it was possible,"" Alexandria Ocasio‚Ä¶ https://t.co/Nhy8yHPad6",30,@NYTimes
0.0,Wed Jun 27 10:16:02 +0000 2018,0.0,1.0,0.0,"The seized items included $30 million in cash, 2,800 pairs of earrings, 2,200 rings, 2,100 bangles, 1,600 brooches,‚Ä¶ https://t.co/zRJ8B871Xz",31,@NYTimes
0.0,Wed Jun 27 10:00:13 +0000 2018,0.0,1.0,0.0,Morning¬†Briefing: Here's what you need to know to start your day https://t.co/aTMTe1uUWB https://t.co/e8MWX047Hr,32,@NYTimes
-0.4939,Wed Jun 27 09:44:02 +0000 2018,0.132,0.868,0.0,"""The odds are that Trump will deliver a G-7 performance. And I fear that we will come out of this summit with symbo‚Ä¶ https://t.co/ARkcwTr80i",33,@NYTimes
0.0,Wed Jun 27 09:30:06 +0000 2018,0.0,1.0,0.0,"""It's surreal,"" Alexandria Ocasio-Cortez said as the votes were being tallied https://t.co/9QOMSSi0yQ",34,@NYTimes
0.25,Wed Jun 27 09:15:07 +0000 2018,0.155,0.69,0.155,"""There was no divine intervention here. Just hard, human work. Argentina made it. Messi made it,"" @RorySmith writes https://t.co/4vq9QC4Yhc",35,@NYTimes
0.0,Wed Jun 27 09:00:04 +0000 2018,0.0,1.0,0.0,"French butchers wrote that ""physical, verbal, and moral violence‚Äù against them was ""neither more nor less than a fo‚Ä¶ https://t.co/ma5AGPkE3G",36,@NYTimes
-0.6249,Wed Jun 27 08:44:01 +0000 2018,0.157,0.843,0.0,"RT @nytimesworld: Remember the ""ecce homo"" in Spain that was one of the worst restoration projects in modern history? It has new competitio‚Ä¶",37,@NYTimes
0.0,Wed Jun 27 08:30:09 +0000 2018,0.0,1.0,0.0,"There's a lot of trash in the ocean these days. But which of these items is most frequently found on beaches?
‚Ä¢ Str‚Ä¶ https://t.co/816BGF7zsk",38,@NYTimes
0.7003,Wed Jun 27 08:15:09 +0000 2018,0.0,0.775,0.225,RT @nytimesworld: Malta says it will let a rescue ship carrying hundreds of African migrants dock ‚Äî if other European countries agree to ta‚Ä¶,39,@NYTimes
0.0,Wed Jun 27 08:02:02 +0000 2018,0.0,1.0,0.0,"McKinsey is a keeper of secrets the world over. But in South Africa, its culture of confidentiality helped ensnare‚Ä¶ https://t.co/fe85ixkHpJ",40,@NYTimes
-0.1027,Wed Jun 27 07:47:08 +0000 2018,0.092,0.833,0.075,These photos from the World Cup are missing one important element ‚Äì the ball. See if you can guess where it was.‚Ä¶ https://t.co/yTduHCwFOO,41,@NYTimes
0.0,Wed Jun 27 07:32:02 +0000 2018,0.0,1.0,0.0,The murals started appearing quietly in Paris last week. Now they're confirmed as the work of Banksy ‚Äî and the race‚Ä¶ https://t.co/5a5tfayiCs,42,@NYTimes
-0.5653,Wed Jun 27 07:17:01 +0000 2018,0.235,0.656,0.109,500 died. 50 villages destroyed. Tens of thousands displaced. Yet this is not a war zone. It is farm country in Nig‚Ä¶ https://t.co/affhI8Tseq,43,@NYTimes
0.0,Wed Jun 27 07:15:10 +0000 2018,0.0,1.0,0.0,Who Is Alexandria Ocasio-Cortez? A Democratic Giant Slayer https://t.co/RKe0g4XUGF,44,@NYTimes
0.0,Wed Jun 27 07:02:04 +0000 2018,0.0,1.0,0.0,A dozen Australian politicians were treated to lavish overseas trips by a Chinese technology company that is alread‚Ä¶ https://t.co/8vhhubGV8B,45,@NYTimes
0.0,Wed Jun 27 06:33:01 +0000 2018,0.0,1.0,0.0,RT @NYTScience: How spiders ride the wind https://t.co/OJJBFK9q1c https://t.co/xL9BUcotqG,46,@NYTimes
0.0243,Wed Jun 27 06:10:35 +0000 2018,0.256,0.48,0.264,"In Italy, Immigrants Evoke Fear, Not Racism https://t.co/kLelNBZD33",47,@NYTimes
-0.6249,Wed Jun 27 06:02:02 +0000 2018,0.177,0.823,0.0,"Remember the ""ecce homo"" painting in Spain that was called one of the worst restoration projects in modern history?‚Ä¶ https://t.co/wZkdcsNXEr",48,@NYTimes
-0.4767,Wed Jun 27 05:31:06 +0000 2018,0.162,0.838,0.0,"RT @nytimesarts: ""You are causing suffering and division,"" David Lynch wrote to President Trump on Facebook. https://t.co/LGrlem92wF",49,@NYTimes
0.0,Wed Jun 27 05:03:07 +0000 2018,0.0,1.0,0.0,President Trump has often lauded Harley-Davidson as a U.S. icon and job creator. Now he's lashing out over its plan‚Ä¶ https://t.co/4GXnm6bdzP,50,@NYTimes
0.0,Wed Jun 27 04:47:03 +0000 2018,0.0,1.0,0.0,Scientists have captured the clearest and most detailed image yet of Zika. The work could contribute to the develop‚Ä¶ https://t.co/Te0E7JwNZd,51,@NYTimes
0.5423,Wed Jun 27 04:32:03 +0000 2018,0.0,0.829,0.171,RT @nytimesarts: The American Library Association is dropping Laura Ingalls Wilder‚Äôs name from a prestigious children‚Äôs literature award be‚Ä¶,52,@NYTimes
-0.296,Wed Jun 27 04:12:36 +0000 2018,0.104,0.896,0.0,The U.S. must stop taking migrant children from their parents at the border and reunite separated families within 3‚Ä¶ https://t.co/ROVpKjDX27,53,@NYTimes
-0.5719,Wed Jun 27 04:02:04 +0000 2018,0.198,0.802,0.0,McKinsey rolled the dice on South Africa and lost. Here‚Äôs the story behind the biggest mistake in the consulting fi‚Ä¶ https://t.co/w7TlqHkQQy,54,@NYTimes
0.8807,Wed Jun 27 03:51:06 +0000 2018,0.0,0.611,0.389,RT @nytpolitics: Chief Justice John Roberts spoke clinically. Justice Stephen Breyer spoke analytically. Then it was Justice Sonia Sotomayo‚Ä¶,55,@NYTimes
-0.8779,Wed Jun 27 03:42:43 +0000 2018,0.502,0.498,0.0,"Rare White Alligator Stolen During Fire That Killed 43 Reptiles, Officials Say https://t.co/PniipSRw1Z",56,@NYTimes
0.0,Wed Jun 27 03:32:05 +0000 2018,0.0,1.0,0.0,"Here's the 2018 election calendar 
https://t.co/x9wJt4d8o3",57,@NYTimes
0.0,Wed Jun 27 03:17:02 +0000 2018,0.0,1.0,0.0,"RT @nytopinion: From last week, the @nytopinion Editorial Board: Joseph Crowley has decades of experience that can serve his constituents w‚Ä¶",58,@NYTimes
0.0,Wed Jun 27 03:02:05 +0000 2018,0.0,1.0,0.0,"Utah election live results
https://t.co/90ls5wda5g",59,@NYTimes
-0.3612,Wed Jun 27 02:51:06 +0000 2018,0.128,0.872,0.0,"RT @nytgraphics: Major upsets and close races in New York state Democratic primaries tonight. 

NY-9: https://t.co/bjXUMBPtHc
NY-14: https:‚Ä¶",60,@NYTimes
0.204,Wed Jun 27 02:41:03 +0000 2018,0.123,0.721,0.157,"RT @jialynnyang: For anyone wondering how a socialist could've pulled off this kind of upset, read @fstockman's excellent piece: https://t.‚Ä¶",61,@NYTimes
0.0,Wed Jun 27 02:32:05 +0000 2018,0.0,1.0,0.0,New York election live results https://t.co/Vh0o34Pu6K,62,@NYTimes
0.0,Wed Jun 27 02:22:06 +0000 2018,0.0,1.0,0.0,"RT @ShaneGoldmacher: Alexandria Ocasio-Cortez had declared it was time for generational, racial and ideological change.

On Tuesday, she wo‚Ä¶",63,@NYTimes
-0.3182,Wed Jun 27 02:13:07 +0000 2018,0.108,0.892,0.0,"Joseph Crowley of New York, who was seen as a possible Democratic House speaker, lost his primary in a major upset‚Ä¶ https://t.co/iILNRye0zt",64,@NYTimes
-0.3182,Wed Jun 27 02:10:02 +0000 2018,0.218,0.667,0.116,"RT @NYTMetro: In a stunning upset, Rep. Joseph Crowley lost the Democratic primary to Alexandria Ocasio-Cortez, a 28-year-old former organi‚Ä¶",65,@NYTimes
0.7579,Wed Jun 27 02:07:46 +0000 2018,0.0,0.694,0.306,RT @jdavidgoodman: Joe Crowley had been expected to play guitar during his victory party. Instead he‚Äôs giving a concession speech https://t‚Ä¶,66,@NYTimes
0.0,Wed Jun 27 01:59:22 +0000 2018,0.0,1.0,0.0,Colorado election live results https://t.co/NM7aGQ9Ks7,67,@NYTimes
0.5423,Wed Jun 27 01:51:01 +0000 2018,0.0,0.743,0.257,"Representative Dan Donovan, a New York Republican, successfully fended off a fierce challenge from his predecessor,‚Ä¶ https://t.co/wuaHV4c9eh",68,@NYTimes
0.0,Wed Jun 27 01:42:04 +0000 2018,0.0,1.0,0.0,"Maryland election live results
https://t.co/um64AZYOZn",69,@NYTimes
0.5719,Wed Jun 27 01:30:06 +0000 2018,0.0,0.812,0.188,"Governor Henry McMaster of South Carolina handily won a Republican runoff for governor, according to The AP https://t.co/2tL0m3zXGH",70,@NYTimes
0.0,Wed Jun 27 01:22:16 +0000 2018,0.0,1.0,0.0,"New York election live results
https://t.co/dtEk2v0Ide",71,@NYTimes
0.0,Wed Jun 27 01:02:06 +0000 2018,0.0,1.0,0.0,Evening Briefing: Here's what you need to know at the end of the day https://t.co/D8N8myKu0V,72,@NYTimes
0.0,Wed Jun 27 00:47:03 +0000 2018,0.0,1.0,0.0,"Breweries throw out millions of pounds of used grain every day, but in a commercial kitchen in Long Island City, Qu‚Ä¶ https://t.co/7E9A7rx6uD",73,@NYTimes
0.0,Wed Jun 27 00:37:01 +0000 2018,0.0,1.0,0.0,"Mississippi election live results
https://t.co/8mw98cxWn2",74,@NYTimes
0.0,Wed Jun 27 00:26:06 +0000 2018,0.0,1.0,0.0,Oklahoma election live results https://t.co/n9yRdqFHeI,75,@NYTimes
-0.7783,Wed Jun 27 00:17:07 +0000 2018,0.254,0.746,0.0,RT @nytimesworld: A Japanese blogger had just finished a talk about dealing with Internet trolls when he was stabbed to death by a man susp‚Ä¶,76,@NYTimes
0.0,Wed Jun 27 00:00:06 +0000 2018,0.0,1.0,0.0,"Kevin Moore, a black firefighter in Oakland, has had the following happen to him while on duty in recent weeks: Res‚Ä¶ https://t.co/nMHWUjWyZV",77,@NYTimes
0.0,Tue Jun 26 23:47:06 +0000 2018,0.0,1.0,0.0,"South Carolina primary runoff election live results
https://t.co/lZkuM0HmEi",78,@NYTimes
0.0,Tue Jun 26 23:41:43 +0000 2018,0.0,1.0,0.0,"RT @nytgraphics: Live results for elections in 7 states:

New York https://t.co/hra5Ctq5eO
Colorado https://t.co/4Ym66gWYJL
Maryland https:‚Ä¶",79,@NYTimes
0.0,Tue Jun 26 23:32:04 +0000 2018,0.0,1.0,0.0,General Electric is bidding farewell to its days as a conglomerate. Its CEO is radically reshaping it into a ‚Äúsimpl‚Ä¶ https://t.co/bY7OhDHWbZ,80,@NYTimes
-0.4215,Tue Jun 26 23:17:03 +0000 2018,0.113,0.887,0.0,RT @nytpolitics: ‚ÄúWhat we‚Äôre seeing here is the standard process of Trump launching a series of lies into our media ecosystem and then watc‚Ä¶,81,@NYTimes
0.0,Tue Jun 26 23:02:07 +0000 2018,0.0,1.0,0.0,"There's a lot of trash in the ocean these days. But which of these items is most frequently found on beaches?
‚Ä¢ Str‚Ä¶ https://t.co/c9S1j3u8TK",82,@NYTimes
0.0,Tue Jun 26 22:47:01 +0000 2018,0.0,1.0,0.0,Evening Briefing: Here's what you need to know at the end of the day https://t.co/oGWjTEu9lT,83,@NYTimes
-0.3595,Tue Jun 26 22:32:02 +0000 2018,0.172,0.828,0.0,‚ÄúWe have a Haring!‚Äù A Keith Haring mural comes out of hiding in Amsterdam. https://t.co/6j5TSmeoWf,84,@NYTimes
-0.7096,Tue Jun 26 22:17:03 +0000 2018,0.237,0.763,0.0,"Senator Rand Paul has sued a neighbor who attacked him in his front yard last year, seeking damages to compensate f‚Ä¶ https://t.co/TGaSv1AWs4",85,@NYTimes
-0.3818,Tue Jun 26 22:02:03 +0000 2018,0.184,0.708,0.108,A famed consulting firm. A huge contract. We examine the roots of McKinsey‚Äôs disastrous gamble in South Africa. https://t.co/HXu56lhe3X,86,@NYTimes
0.3182,Tue Jun 26 21:47:03 +0000 2018,0.079,0.788,0.133,RT @NYTMetro: Public housing successfully endured New York City‚Äôs most turbulent eras. We combed through our photo archives for forgotten i‚Ä¶,87,@NYTimes
0.0,Tue Jun 26 21:33:37 +0000 2018,0.0,1.0,0.0,.@NYTSports Editor Jason Stallman scored 51.8% ... seems beatable.,88,@NYTimes
-0.296,Tue Jun 26 21:31:42 +0000 2018,0.095,0.905,0.0,Something missing here? We removed the ‚öΩÔ∏ès from these World Cup photos. See if you can guess where they once were.‚Ä¶ https://t.co/lQ8dqEbLFc,89,@NYTimes
-0.6249,Tue Jun 26 21:20:08 +0000 2018,0.177,0.823,0.0,"Remember the ""ecce homo"" painting in Spain that was called one of the worst restoration projects in modern history?‚Ä¶ https://t.co/T4fU3CJI4L",90,@NYTimes
0.6249,Tue Jun 26 21:10:06 +0000 2018,0.125,0.569,0.306,"Lindsay Lohan says she's in a better place now. ""I‚Äôm a normal, nice person. A good person. I don‚Äôt have any bad int‚Ä¶ https://t.co/okC0kcCgu1",91,@NYTimes
0.2023,Tue Jun 26 20:55:02 +0000 2018,0.121,0.685,0.194,"RT @UpshotNYT: We were looking for a fair system that encouraged attacking soccer, with a few constraints about what FIFA could realistical‚Ä¶",92,@NYTimes
0.0,Tue Jun 26 20:51:37 +0000 2018,0.0,1.0,0.0,RT @MichaelPaulson: The Secret Life of Sven: How a speechless reindeer is brought to life in Broadway's ‚ÄúFrozen.‚Äù https://t.co/mMgHP3aqTg h‚Ä¶,93,@NYTimes
-0.5106,Tue Jun 26 20:40:08 +0000 2018,0.29,0.58,0.13,Your laptop is probably dirty and gross. It might be time to clean it. https://t.co/19C67OvCaN,94,@NYTimes
0.34,Tue Jun 26 20:28:05 +0000 2018,0.096,0.746,0.158,Republicans' hardball tactics to stop President Obama's Supreme Court nominee in 2016 paid off today with rulings o‚Ä¶ https://t.co/GLjYVVsqdi,95,@NYTimes
0.6249,Tue Jun 26 20:18:01 +0000 2018,0.0,0.788,0.212,"We spent 3 days with Kanye West in Wyoming. He was calm, measured, verging on beatific, and also self-aware and wil‚Ä¶ https://t.co/9dt7ivi3Wn",96,@NYTimes
0.0,Tue Jun 26 20:14:33 +0000 2018,0.0,1.0,0.0,Croatia eliminated Iceland from the World Cup with a 2-1 victory https://t.co/zgSMj2KQN3,97,@NYTimes
0.2732,Tue Jun 26 20:08:03 +0000 2018,0.0,0.877,0.123,"It was an afternoon of ‚ÄúGod, fashion and politics or God, politics and fashion, whichever‚Äù https://t.co/TRXksDGoNi",98,@NYTimes
-0.2263,Tue Jun 26 19:58:04 +0000 2018,0.1,0.837,0.063,The arrest warrant for Rosa Parks shows that it took the police a couple of tries to settle on legal language descr‚Ä¶ https://t.co/pHehixKGv7,99,@NYTimes
